customerDomain,Product,skuName,Creation date (PST),status,planName,Renewal date (PST),licensedNumberOfSeats,maximumNumberOfSeats,Customer uid,customerId,subscriptionId
1074vectors.com,Google Workspace,Google Workspace Business Starter,"March 21, 2022",Active,Flexible Plan,-,6,6,SFHN3khUGXzRiR,C0320dakz,3667742140
247compliance.com,Google Workspace,Google Workspace Business Starter,"March 25, 2022",Active,Flexible Plan,-,30,30,SsnS6pRhVUAf57,C00xlcywc,3683746274
247uniforms.ae,-,-,-,-,-,-,0,0,SYBB0zzLMOc5Hc,C03r88tdv,-
BeeEPICdaily.com,Google Workspace,Google Workspace Business Starter,"March 21, 2022",Active,Flexible Plan,-,2,2,SsWQ57Qw13i9lD,C02lkzohe,3667513612
Codelattice.nl,-,-,-,-,-,-,0,0,SAbO76akzwZ490,-,-
Mejorgroup.in,Google Workspace,G Suite Basic,"August 7, 2020",Suspended,Trial Plan,-,1,1,SVGrItB3Frz6x4,C02usi27e,1850782224
aabukhatir.com,Google Workspace,Google Workspace Business Starter,"March 21, 2022",Active,Flexible Plan,-,2,2,SRekwPBSDTgI0z,C03lmcw44,3667326395
aainfotechsolutions.com,Google Workspace,Google Workspace Business Starter,"March 21, 2022",Active,Flexible Plan,-,6,300,Sx6cPEpTW2YRMQ,C00x7j1n6,3670240454
aascglobal.com,Google Workspace,Google Workspace Business Starter,"March 21, 2022",Active,Flexible Plan,-,7,7,S9d0GQlL5ieiTv,C02g0clcz,3667452099
abdulazizrestaurant.com,Google Workspace,Google Workspace Business Starter,"August 30, 2021",Active,Flexible Plan,-,1,1,SzxJCwFuSlamAJ,C03ost9iv,3081559360
absolutetransit.com,Google Workspace,Google Workspace Business Starter,"October 4, 2021",Active,Flexible Plan,-,4,4,SSyJOHfx69PufJ,C01sjsqhe,3187474848
acechats.com,Google Workspace,Google Workspace Business Starter,"July 21, 2021",Active,Flexible Plan,-,4,4,SdedQ1y7yBW9ne,C02ek265c,2979667321
acettech.com,Google Workspace,Google Workspace Business Starter,"March 21, 2022",Active,Flexible Plan,-,1,1,SQbQyuYwtAhfW8,C03wv44po,3667465823
activetradingllc.com,Google Workspace,Google Workspace Business Starter,"May 6, 2021",Active,Flexible Plan,-,2,2,SFrghWXEoUSiZD,C03xuk6p3,2763422382
adridgemedia.com,Google Workspace,Google Workspace Business Starter,"March 21, 2022",Active,Flexible Plan,-,4,4,SY0Ns5Gax4XlDl,C021go80f,3667291868
advenir.org,Google Workspace,Google Workspace Business Starter,"November 10, 2021",Active,Flexible Plan,-,4,5,Sc9qrCr8bwtHir,C01hky4b8,3291497721
aeybm.com,Google Workspace,Google Workspace Business Starter,"April 22, 2021",Active,Flexible Plan,-,6,6,SxpNYdlEBrXjJN,C0365iypi,2721038283
aguaer.com,Google Workspace,Google Workspace Business Starter,"March 21, 2022",Active,Flexible Plan,-,3,3,SPMtB6lJkZxpo6,C04gyvxdo,3667668121
airguideindia.com,-,-,-,-,-,-,0,0,SvJOC9R6FYEOuR,C00vyo9hy,-
aivillage.live,-,-,-,-,-,-,0,0,SLjB0jkwtNZpQ8,C04g96npi,-
akgroupksa.com,Google Workspace,Google Workspace Business Starter,"March 26, 2022",Active,Flexible Plan,-,7,8,SbdKBb0UP2BsQQ,C03901dkl,3684085213
akshayous.com,Google Workspace,Google Workspace Business Starter,"September 6, 2021",Active,Flexible Plan,-,5,5,ScPFqi7MHj1CgH,C039prvrh,3100319404
alahadhospitality.com,Google Workspace,Google Workspace Business Starter,"March 21, 2022",Active,Flexible Plan,-,2,2,SdgEuFrNlzGVxa,C01jobe6w,3667148160
alameenbakery.com,Google Workspace,Google Workspace Business Starter,"July 12, 2021",Active,Flexible Plan,-,2,2,SbM5ZjjhuM9bZZ,C01gqq7gw,2953040949
alfaaxeray.com,Google Workspace,Google Workspace Business Starter,"June 1, 2021",Active,Flexible Plan,-,4,4,SdzsVAXD4ktI2R,C03h69gmq,2835993557
alfalahamm.org,Google Workspace,G Suite Basic,"May 15, 2020",Suspended,Flexible Plan,-,1,1,SWvLWnJs1Gp0lp,C028wt0fh,1603063885
alkhalifaca.com,Google Workspace,Google Workspace Business Starter,"May 27, 2021",Active,Flexible Plan,-,1,1,SMLQnsniZxT6h4,C0120em57,2826242331
almajwal.com,-,-,-,-,-,-,0,0,SV4U3L9EyisI3F,C01svtfir,-
almarufmarine.com,Google Workspace,Google Workspace Business Starter,"March 1, 2022",Active,Flexible Plan,-,3,3,SUVgdnAxXNk183,C00v3b0qk,3611817716
almascollege.com,Google Workspace,Google Workspace Business Starter,"March 21, 2022",Active,Flexible Plan,-,3,3,SDXg3akMCH7DTq,C035ulbsv,3666484274
almawaridme.com,Google Workspace,Google Workspace Business Starter,"March 21, 2022",Active,Flexible Plan,-,9,9,SVnrra8YTc4SS9,C03g67wfu,3666608716
almizangroup.com,Google Workspace,Google Workspace Business Starter,"September 19, 2021",Active,Flexible Plan,-,7,7,SMac5QIHcnVqYN,C0434b0jx,3142121367
alnaad.com,Google Workspace,Google Workspace Business Starter,"October 18, 2021",Active,Flexible Plan,-,4,5,SXyfB7iWJhlofP,C024bejg8,3227464710
alsadeedbureau.com,Google Workspace,Google Workspace Business Starter,"October 18, 2021",Active,Flexible Plan,-,6,6,SA0tkKCsqWypLE,C01yemcw7,3225064576
alsafica.com.qa,Google Workspace,Google Workspace Business Starter,"May 27, 2021",Active,Flexible Plan,-,7,300,SeLaY3o0eTPrrX,C03qw8hga,2826217557
alsanajobs.com,-,-,-,-,-,-,0,0,SxmzQoNkRx5jZE,C03dbfm9h,-
alshamspetroleum.com,Google Workspace,Google Workspace Business Starter,"March 21, 2022",Active,Flexible Plan,-,5,5,Saw0ZnR5R8F53Q,C0495vzvl,3667281646
altairdubai.ae,Google Workspace,Google Workspace Business Starter,"January 29, 2021",Suspended,Flexible Plan,-,1,1,SDb1Ep51tQyMBq,C02270v11,2430947773
amalgamatetechnologies.com,Google Workspace,Google Workspace Business Starter,"March 21, 2022",Active,Flexible Plan,-,3,3,SxxkoKJ2sQTgmz,C00uz1c3y,3666484318
amaroneng.com,Google Workspace,Google Workspace Business Starter,"October 8, 2021",Active,Flexible Plan,-,4,4,SlZtEFYWhc3zHv,C00pz9woe,3200563177
ambercastle.in,Google Workspace,Google Workspace Business Starter,"March 18, 2022",Active,Annual Plan (Yearly Payment),"March 18, 2023",2,2,Slg9qCz6tkBOwM,C02g7n0wj,3662859176
ameenahsan.com,Google Workspace,Google Workspace Business Starter,"May 23, 2021",Active,Flexible Plan,-,2,2,S7eIQwESaxOvce,C00y43uia,2813881086
amg.com,-,-,-,-,-,-,0,0,StgjWTZQ8zB8Uu,-,-
amgroupindia.com,-,-,-,-,-,-,0,0,SEiiqRZp43kKTC,C00r8ef2s,-
anantaliving.com,Google Workspace,Google Workspace Business Starter,"February 10, 2022",Active,Flexible Plan,-,3,3,SLRRB0EWOML7am,C02nazdyo,3558883393
apmei.org,Google Workspace,Google Workspace Business Starter,"March 13, 2022",Active,Flexible Plan,-,3,3,SDlilj0MNioTbD,C03dimwlm,3645497883
apolloconstructions.com,Google Workspace,Google Workspace Business Starter,"November 6, 2021",Active,Flexible Plan,-,17,463,SSa06fGpNkLpfp,C00ix1mxj,3280840382
appblox.io,Google Workspace,Google Workspace Business Starter,"January 18, 2022",Active,Flexible Plan,-,4,4,SbRBJUtyFKokfz,C013moegd,3482925064
apziant.com,Google Workspace,G Suite Basic,"February 14, 2019",Suspended,Flexible Plan,-,5,5,ShqGRuMstm3tQx,C0148e00q,603336558
aquaclinic.in,Google Workspace,Google Workspace Business Starter,"April 22, 2021",Active,Flexible Plan,-,1,1,SXyCEVAq6ZNcKc,C027tvica,2721459402
arbukhatir.com,Google Workspace,Google Workspace Business Starter,"March 21, 2022",Active,Flexible Plan,-,1,1,SoXZIAzni07P7I,C03dkm69b,3667281570
arps.co.in,Google Workspace,G Suite Basic,"February 5, 2021",Suspended,Trial Plan,-,4,4,SLYGAz5RmAc3KB,C010zli9p,2453838223
artboxxstudio.com,Google Workspace,Google Workspace Business Starter,"April 9, 2021",Active,Flexible Plan,-,3,3,SPE19H0AErJ2dC,C02b24f33,2684214016
artecture.design,-,-,-,-,-,-,0,0,SH60KaAoIuta1E,C02z6z1xj,-
assachi.com,Google Workspace,G Suite Basic,"October 21, 2019",Suspended,Flexible Plan,-,10,10,SGlosyAPGlM9k2,C01p65mbt,1082503878
ateracare.com,Google Workspace,Google Workspace Business Starter,"February 9, 2022",Active,Flexible Plan,-,1,1,SepBWb6B04T7PE,C03o5d7se,3555278268
aurevoir.co.in,Google Workspace,Google Workspace Business Starter,"October 4, 2021",Active,Flexible Plan,-,16,17,SRab86mKbddFUU,C02fs81ir,3187519365
avbinu.com,Google Workspace,Google Workspace Business Starter,"October 11, 2021",Active,Flexible Plan,-,1,1,SQegQNa2DvBXNs,C02rwzuo0,3205029037
avoletindia.com,Google Workspace,G Suite Basic,"February 13, 2020",Suspended,Flexible Plan,-,1,1,SAHeJdbnVoQJTh,C02xy7x61,1305754312
axionz.org,Google Workspace,Google Workspace Business Starter,"March 21, 2022",Active,Flexible Plan,-,2,2,Sc7ioU9KOTr2ad,C0255u725,3667834981
axispetroleums.com,Google Workspace,Google Workspace Business Starter,"March 21, 2022",Active,Flexible Plan,-,4,4,S10nyIzcJgJJ6l,C04bnar6l,3667882569
b0a8.com,Google Workspace,Google Workspace Business Starter,"March 21, 2022",Active,Flexible Plan,-,2,2,SENvfMge4vjXX7,C03dqjmuy,3667520597
b2bemailist.com,Google Workspace,Google Workspace Business Starter,"December 22, 2021",Active,Flexible Plan,-,1,300,Sxsd5oyEDvWTFM,C01ld9a1h,3412810365
b2bgrowth.agency,Google Workspace,G Suite Basic,"May 25, 2020",Suspended,Flexible Plan,-,4,4,S5kdT4YTv9hHBq,C037ir6h2,1630770049
babycarestores.in,Google Workspace,Google Workspace Business Starter,"March 21, 2022",Active,Flexible Plan,-,22,23,SHhc6fpReGYSAp,C03wmomth,3667467623
base.co.com,-,-,-,-,-,-,0,0,SYM2XjEPYl0n7T,C01ca0vy2,-
bblcglobal.com,-,-,-,-,-,-,0,0,SQp1o8lwLB2S0z,C01lob7nv,-
becryptive.com,Google Workspace,Google Workspace Business Starter,"May 10, 2021",Active,Flexible Plan,-,5,5,S6CiN6EbRSPTnO,C01z0i9ca,2773182934
bellhospitalities.com,Google Workspace,Google Workspace Business Starter,"April 30, 2021",Active,Flexible Plan,-,3,3,SM5mNR3XdLbSOx,C00tfb2h9,2745180144
bestofcogi.com,Google Workspace,Google Workspace Business Starter,"March 21, 2022",Active,Flexible Plan,-,2,2,SCldDyjw0wApg2,C03dorysp,3667538911
betterdrivedubai.com,Google Workspace,Google Workspace Business Starter,"August 11, 2021",Active,Flexible Plan,-,1,1,SJwk50S80sW6MK,C03x70tan,3031836091
bfeminine.in,Google Workspace,Google Workspace Business Starter,"September 3, 2021",Active,Flexible Plan,-,1,1,S2Xicis2JD5NLj,C01fm657c,3093201496
binaalamthal.com,Google Workspace,Google Workspace Business Starter,"June 9, 2021",Active,Flexible Plan,-,1,1,SVC7BoP2ZHyW76,C04l6gijl,2861491186
biocarecalicut.com,Google Workspace,Google Workspace Business Starter,"February 14, 2022",Active,Flexible Plan,-,12,300,SNwABXdSCo3JFL,C03oge3iv,3564877501
biotechlab.ae,Google Workspace,Google Workspace Business Starter,"September 27, 2021",Active,Flexible Plan,-,20,24,S2BOOyL67EKS7V,C018cgcir,3163835589
bkglobalfzc.com,-,-,-,-,-,-,0,0,SmwBuSoA3Zf41K,C03b6gvns,-
blissvagamon.com,Google Workspace,Google Workspace Business Starter,"September 29, 2021",Active,Flexible Plan,-,1,1,Sa5GqVm3iFvTPE,C02icz0q0,3174510320
bluehospitalityservices.com,Google Workspace,Google Workspace Business Starter,"July 9, 2021",Active,Flexible Plan,-,1,1,SsJfkjJxbSXOKE,C04aqad6b,2946904939
blueoceanoverseas.com,Google Workspace,Google Workspace Business Starter,"January 26, 2021",Active,Flexible Plan,-,1,1,SQtoU7uMBCOmGG,C033426i4,2419519855
bluesapphirebh.com,Google Workspace,Google Workspace Business Starter,"March 21, 2022",Active,Flexible Plan,-,3,3,Sy6TTCELNY3bzJ,C02t5x8xm,3667264669
bondwellenterprises.com,Google Workspace,Google Workspace Business Starter,"March 21, 2022",Active,Flexible Plan,-,4,300,SfDhydsl7Euunx,C02n1tcxz,3667300992
boobay.in,-,-,-,-,-,-,0,0,S5K5tHOajDrh8A,C03bappln,-
botowi.com,Google Workspace,Google Workspace Business Starter,"March 21, 2022",Active,Flexible Plan,-,1,1,SP2rzR3tE3EhW1,C03txqawv,3666242200
brahmalotus.com,Google Workspace,Google Workspace Business Starter,"November 3, 2021",Active,Flexible Plan,-,1,300,SJTHaBSEhCEDER,C02gmkagl,3271920699
brahmvishnature.com,Google Workspace,Google Workspace Business Starter,"March 21, 2022",Active,Flexible Plan,-,2,2,SXSigKXXwHbYGJ,C01r3y83p,3666848610
braintechme.com,Google Workspace,Google Workspace Business Starter,"June 22, 2021",Active,Flexible Plan,-,3,300,SGS2L9ZawGi1z3,C00w9yhir,2899547367
bramengineering.com,Google Workspace,Google Workspace Business Starter,"March 21, 2022",Active,Flexible Plan,-,2,2,StK7sN7hnsHtTO,C00io2x9c,3667344507
brandliftmedia.com,-,-,-,-,-,-,0,0,Ssm5egKd1Xc1rq,C036yk1p2,-
brandswamy.com,Google Workspace,Google Workspace Business Starter,"May 19, 2021",Suspended,Flexible Plan,-,6,6,SMYX2VND0C8Yjr,C01qess2w,2800535431
breakouthotels.com,Google Workspace,Google Workspace Business Starter,"April 22, 2021",Active,Flexible Plan,-,10,10,SC9GND2l5ZLuiu,C01k02d2a,2724632565
brickar.com,Google Workspace,Google Workspace Business Starter,"October 23, 2021",Active,Flexible Plan,-,6,6,SGkzslm2nDM8ke,C00ljmxq0,3240541716
brightplusads.com,Google Workspace,Google Workspace Business Starter,"February 25, 2022",Active,Flexible Plan,-,1,1,So7lTYeb0tIeEy,C02r3gjop,3599433057
c3m.io,-,-,-,-,-,-,0,0,SZbumv4qMnDvLR,C03zams7y,-
cactc.in,Google Workspace,Google Workspace Business Standard,"June 21, 2021",Active,Flexible Plan,-,6,6,SQIyqReaRFXCNg,C02glpi1c,2895599466
caddinternational.ae,Google Workspace,Google Workspace Business Starter,"June 6, 2021",Active,Flexible Plan,-,2,2,S6avI02uLbS01l,C028ljv1c,2852324960
cafit.org,Google Workspace,Google Workspace Business Starter,"January 19, 2022",Active,Flexible Plan,-,3,3,SDonrosHOn7vFz,C00t9o61o,3486625071
calicutdigitalacademy.com,Google Workspace,Google Workspace Business Starter,"September 2, 2021",Active,Flexible Plan,-,1,1,Seyw8UoIMC4swQ,C030qn709,3090838639
calicuturbanbank.com,Google Workspace,Google Workspace Business Starter,"June 21, 2021",Active,Flexible Plan,-,26,26,SlmjFlqZmYdgMC,C01ntqz7o,2895720898
campusstellar.com,Google Workspace,Google Workspace Business Starter,"June 30, 2021",Active,Flexible Plan,-,1,300,S4ledrirW649n4,C0455bt0d,2923704173
campussutra.com,Google Workspace,Google Workspace Business Starter,"December 24, 2021",Active,Flexible Plan,-,39,300,SxRjJCPmmEXbiT,C01i8gs90,3417892124
campussutra.in,Google Workspace,Google Workspace Business Starter,"March 21, 2022",Active,Flexible Plan,-,23,25,SHrquBM6rmYgIs,C02ngcbct,3666573200
capestonecart.com,Google Workspace,Google Workspace Business Starter,"March 21, 2022",Active,Flexible Plan,-,1,1,SVKGUrKM14KGKm,C01hzet1m,3667285083
carepact.co,Google Workspace,Google Workspace Business Starter,"March 21, 2022",Active,Flexible Plan,-,12,15,S3IbzrNseEmeX8,C02masmyz,3667335612
carsel.in,Google Workspace,Google Workspace Business Starter,"April 29, 2021",Active,Flexible Plan,-,5,5,SRzVnA6MZWhp1k,C00kmuvo0,2744876619
carvora.com,Google Workspace,G Suite Basic,"April 8, 2019",Suspended,Flexible Plan,-,1,50000,S8Sqzdqbr53507,C01x5aus0,708787146
ceekayteam.com,Google Workspace,Google Workspace Business Starter,"September 2, 2021",Active,Flexible Plan,-,2,50000,SjGIr2cQguoprO,C015xzea5,3091116597
cfbsolution.com,Google Workspace,Google Workspace Business Starter,"March 21, 2022",Active,Flexible Plan,-,32,32,SmRzCcfKjDdOts,C00jy9bgv,3667608247
chamakkatt.com,Google Workspace,Google Workspace Business Starter,"February 21, 2022",Active,Flexible Plan,-,1,1,S2YIy33h73gpZj,C03u1irzo,3588133048
chlorofill.live,Google Workspace,Google Workspace Business Starter,"January 8, 2022",Active,Flexible Plan,-,1,300,So61OvqAx3a8jn,C01myv87x,3454295353
chmhsspkr.org,-,-,-,-,-,-,0,0,Ss7oH6RoDLR7Bd,C00ph5eol,-
cipherbizz.com,Google Workspace,Google Workspace Business Starter,"May 31, 2021",Active,Flexible Plan,-,8,8,SMrrf9M0tCEWB4,C022z2088,2833285541
cityflowerksa.com,Google Workspace,Google Workspace Business Starter,"January 27, 2022",Active,36 months Fixed Term Plan (Monthly Payment),"January 27, 2025",109,125,Se8k3XQatjzF0K,C033smiw1,3511531034
cityhomerealestate.com,Google Workspace,Google Workspace Business Starter,"November 24, 2021",Active,Flexible Plan,-,4,300,S4jDrnsBnJh1Jo,C02k3ibs5,3332084382
citypremieredubai.com,Google Workspace,Google Workspace Business Starter,"March 21, 2022",Active,Flexible Plan,-,8,8,S13hUHxOroM4xF,C02coy135,3667744203
cityshippingoman.com,Google Workspace,Google Workspace Business Starter,"March 21, 2022",Active,Flexible Plan,-,8,8,SH9o2g9C45leCt,C019v2bk8,3667867458
citysll.com,-,-,-,-,-,-,0,0,S7TxjnXrrOl5tq,C04bm5z0t,-
clickastro.com,Google Workspace,Google Workspace Business Starter,"March 31, 2021",Active,36 months Fixed Term Plan (Monthly Payment),"March 31, 2024",163,164,SOTUM106tlcjjF,C02e4osh4,2660373286
clientsonline.com,Google Workspace,Google Workspace Business Starter,"March 21, 2022",Active,Flexible Plan,-,10,10,SBH0ILIveANk7R,C01apdrf4,3666943273
cliveacademy.com,Google Workspace,Google Workspace Business Starter,"May 3, 2021",Active,Flexible Plan,-,1,1,SjhltRppQQZZbO,C02qv3xeo,2752442658
clootrack.com,Google Workspace,Google Workspace Business Starter,"October 18, 2021",Active,Flexible Plan,-,109,2500,SPLGdfXFjYJkol,C02vl23jr,3225878891
closetcaseconcepts.com,Google Workspace,Google Workspace Business Starter,"March 21, 2022",Active,Flexible Plan,-,12,12,S84GZU3CZ1zTSg,C01pw5j3d,3666755401
cloudlink.ae,Google Workspace,Google Workspace Business Starter,"September 3, 2021",Active,Flexible Plan,-,5,5,SgJBFwN4vi5uwW,C02e6dynz,3095234834
codelattice.ae,Google Workspace,Google Workspace Business Starter,"September 12, 2021",Active,Flexible Plan,-,10,15,SBWRGLYtRiFObB,C00r4w2sm,3119904690
codelattice.agency,Google Workspace,Google Workspace Business Starter,"November 10, 2021",Active,Flexible Plan,-,5,300,S7eA0DiKqehBXV,C02iuioj1,3294742741
codelattice.nl,Google Workspace,G Suite Basic,"March 7, 2018",Active,Flexible Plan,-,4,4,SJBW8uj1YIqjLa,C01aj6nim,193181478
codelattice.sg,Google Workspace,Google Workspace Business Starter,"March 21, 2022",Active,Flexible Plan,-,1,1,Sf0VYeCXqjwg7d,C01n7q6y7,3667139008
codelatticelabs.com,Google Workspace,Google Workspace Business Starter,"April 23, 2021",Active,Flexible Plan,-,3,3,S1cOm8Ul3pJUXa,C013soakk,2726959006
codeyaya.com,-,-,-,-,-,-,0,0,SXFUguAhIW9Mhz,C03tbtzue,-
codilar.com,Google Workspace,Google Workspace Business Starter,"March 23, 2022",Active,Flexible Plan,-,222,230,Sq1U1tJ08gHOtX,C04keetpa,3677323797
cogencehealthcare.com,Google Workspace,Google Workspace Business Starter,"March 21, 2022",Active,Flexible Plan,-,7,16,SfqDXa6io97qgw,C03r7n7iq,3666930423
collate.live,-,-,-,-,-,-,0,0,SrT8C2Yzm6wDPW,-,-
colordopplermedia.com,Google Workspace,Google Workspace Business Starter,"May 20, 2021",Active,Flexible Plan,-,7,7,SJSgahO1iODuJz,C03pupe5r,2803224690
colourtrack.com,Google Workspace,Google Workspace Business Starter,"September 28, 2021",Active,Flexible Plan,-,20,300,SGAaNQk4Y8XU2w,C038mp4me,3167583318
construire.in,Google Workspace,Google Workspace Business Starter,"July 29, 2021",Active,Flexible Plan,-,1,300,S42YXomGVaQwZc,C03u5cdz7,2997726073
consultingchambers.com,Google Workspace,Google Workspace Business Starter,"March 21, 2022",Active,Flexible Plan,-,1,1,SqCSqRsYNn0NZx,C03ibn508,3667552514
consumerfed.net,Google Workspace,Google Workspace Business Standard,"November 24, 2020",Active,Flexible Plan,-,1,1,SY4eIwTa92YXgd,C03jk2nno,2206672355
contecharchitects.in,Google Workspace,Google Workspace Business Starter,"November 20, 2021",Active,Flexible Plan,-,9,10,SFPpZsha8te4cv,C03g47n0l,3321730606
coperor.in,Google Workspace,Google Workspace Business Starter,"April 19, 2021",Active,Flexible Plan,-,3,3,SDKXNMDDE1CND6,C02hhrr7n,2711392958
crazyroots.in,Google Workspace,Google Workspace Business Starter,"August 23, 2021",Active,Flexible Plan,-,3,3,Snr1jzTJaK1y5T,C03fnxf5w,3063922553
creopedia.com,Google Workspace,Google Workspace Business Starter,"December 7, 2021",Active,Flexible Plan,-,3,3,SsuOOM0Vk7LFfN,C00qm4dc5,3371601935
crmlistemails.com,Google Workspace,Google Workspace Business Starter,"December 22, 2021",Active,Flexible Plan,-,1,300,SP8iBlJpoAcXpV,C02895cba,3412768667
cubacle.com,Google Workspace,Google Workspace Business Starter,"March 21, 2022",Active,Flexible Plan,-,4,4,S46TQA7RYbcIvw,C049t6rw2,3667227686
cyclefactory.in,Google Workspace,Google Workspace Business Starter,"March 25, 2021",Active,Flexible Plan,-,1,1,SmDXLxZP5Dx0he,C03l1rjsw,2639381571
cyphershot.in,Google Workspace,Google Workspace Business Starter,"March 21, 2022",Active,Flexible Plan,-,12,12,SznZpQ1KWnoBSb,C03e2eigz,3667547317
dataemarketers.com,Google Workspace,Google Workspace Business Starter,"December 22, 2021",Active,Flexible Plan,-,1,300,SL25xbZNOcIo9Q,C01cljugw,3412313548
dbrains.in,Google Workspace,Google Workspace Business Starter,"January 24, 2022",Active,Flexible Plan,-,5,20,S1ih9A2LDVIcFC,C00tgav2s,3501439257
dcatechno.com,Google Workspace,Google Workspace Business Standard,"March 4, 2022",Active,Flexible Plan,-,2,2,SfJTZAG0y1bSjy,C03ka8vd1,3620319096
dearson.in,-,-,-,-,-,-,0,0,ST200wjxX9xBuw,C01uodqc0,-
deltapetroleums.com,Google Workspace,Google Workspace Business Starter,"March 21, 2022",Active,Flexible Plan,-,1,1,SLiaHo82F0xJ8X,C00swbmvs,3667640603
dermazone-uae.com,Google Workspace,Google Workspace Business Starter,"March 21, 2022",Active,Flexible Plan,-,41,52,SrQhBfBebeAAw8,C0195b06n,3667268943
dev.reddog.live,-,-,-,-,-,-,0,0,SPbaqPl6iDjfLa,-,-
dialektiks.com,Google Workspace,Google Workspace Business Starter,"April 9, 2021",Active,Flexible Plan,-,6,6,Sf7CHqwKVT9fyW,C02ntgjd4,2682706948
digiconfig.com,Google Workspace,Google Workspace Business Starter,"May 12, 2021",Active,Flexible Plan,-,3,3,S5o0bNucsC9ktT,C00stdgqg,2779951004
digital-workflow.tools,Google Workspace,G Suite Basic,"December 24, 2020",Suspended,Trial Plan,-,1,30,S80rksNmTYJZpV,C0285vkq0,2313201120
divinegracenursing.com,Google Workspace,Google Workspace Business Starter,"June 30, 2021",Active,Flexible Plan,-,1,300,SH5I8Xkz1TmkZD,C02ueswfa,2924020378
dlifeinteriors.com,Google Workspace,G Suite Basic,"March 29, 2019",Active,36 months Fixed Term Plan (Monthly Payment),"May 8, 2023",384,384,SbKiEBcXpg5p84,C032beinn,690756004
dmlecenter.com,Google Workspace,Google Workspace Business Starter,"April 22, 2021",Active,Flexible Plan,-,1,1,SXTsso6u4AitKV,C043t2h2r,2721394220
dnl.org.in,Google Workspace,Google Workspace Business Starter,"November 1, 2021",Suspended,Flexible Plan,-,2,300,SYUNzk0WiAJS0j,C02ybv72k,3265608518
docspace.in,Google Workspace,Google Workspace Business Starter,"March 21, 2022",Active,Flexible Plan,-,2,2,Sb3hHaTA1IcPOz,C04a0l75o,3667534702
dstcuae.com,Google Workspace,Google Workspace Business Starter,"March 21, 2022",Active,Flexible Plan,-,8,8,S3g7BgWll0W8Fp,C048vx553,3667573090
ductusacademy.com,Google Workspace,Google Workspace Enterprise Standard,"November 16, 2020",Active,Flexible Plan,-,1,1,SaOdZjyiq43Hsu,C01k63xo3,2182343276
dynatools.net,Google Workspace,Google Workspace Business Starter,"February 24, 2022",Active,Flexible Plan,-,2,2,SKJsEtQIEb73k3,C028ith17,3595826168
e-academy.in,Google Workspace,Google Workspace Business Starter,"March 13, 2021",Active,Flexible Plan,-,1,1,SUZprbUww4bJ2W,C0338g7aq,2595228036
e-annam.com,Google Workspace,G Suite Basic,"March 3, 2020",Suspended,Flexible Plan,-,2,2,SPwEfGZjq00Zpc,C022q3qme,1346144929
e-fast.in,Google Workspace,G Suite Basic,"June 20, 2019",Suspended,Flexible Plan,-,7,7,Sj4AgOZg4lAKv0,C01ph1koh,843590498
e-fasttransports.com,Google Workspace,Google Workspace Business Starter,"March 21, 2022",Active,Flexible Plan,-,4,8,SLSNj1eVvlocnK,C03pesmrj,3667573062
easterntradelinks.com,Google Workspace,Google Workspace Business Starter,"March 21, 2022",Active,Flexible Plan,-,5,5,SbMKBlhWCNH0kU,C01vcm47b,3667444872
eatapioca.com,Google Workspace,Google Workspace Business Starter,"May 20, 2021",Active,Flexible Plan,-,1,1,SclKq58qtgkS3Y,C014e0ob6,2806523539
eclatkerala.in,Google Workspace,Google Workspace Business Standard,"August 20, 2021",Suspended,Flexible Plan,-,1,1,SZz8AP0iBhnpkP,C00m27yfy,3055874762
ecoglobalindia.com,Google Workspace,Google Workspace Business Starter,"July 19, 2021",Active,Flexible Plan,-,1,1,SPsq2IEuFUrdKG,C02j13x1a,2971837658
ecoupe.in,-,-,-,-,-,-,0,0,SDx5yfKIIpxPMc,-,-
edengardenbh.com,Google Workspace,Google Workspace Business Starter,"March 21, 2022",Active,Flexible Plan,-,6,6,SHgwUGRnVWgyhU,C03mxx0an,3667592728
edleem.com,Google Workspace,Google Workspace Business Starter,"March 21, 2022",Active,Flexible Plan,-,1,1,SCjSw0RRVl5l1l,C03ttxjjv,3667983191
edleem.education,Google Workspace,Google Workspace Business Starter,"May 20, 2021",Active,Flexible Plan,-,14,14,SnsNBTqjhkVUHq,C03p78z7w,2803604925
edumpus.com,Google Workspace,Google Workspace Business Starter,"March 25, 2022",Active,Flexible Plan,-,119,119,SUgYtf0MDtyr6C,C036zhhpi,3683244734
ehss-mail.com,Google Workspace,G Suite Basic,"January 30, 2019",Suspended,Flexible Plan,-,3,3,SyFAw5HgdoLVxr,C02jfcn0n,576012497
elanceacca.com,Google Workspace,Google Workspace Business Starter,"March 21, 2022",Active,Flexible Plan,-,3,3,SBT6CnnloB0dtw,C02zbz10j,3667757189
elancelearning.com,Google Workspace,Google Workspace Business Starter,"March 21, 2022",Active,Flexible Plan,-,12,12,Se5lAGsvgMEmid,C00lqgi4v,3667454373
elementary.ae,Google Workspace,Google Workspace Business Starter,"March 21, 2022",Active,Flexible Plan,-,8,10,Stb408pngHnyT1,C019pwb17,3667503225
elhosari.me,Google Workspace,Google Workspace Business Starter,"March 24, 2022",Active,Flexible Plan,-,2,2,SwHd74zMHatDCs,C02ar5awa,3677492477
elitech.net.in,Google Workspace,Google Workspace Business Starter,"November 1, 2021",Active,Flexible Plan,-,29,29,SUIr05Cedmu5K6,C02f2uvfl,3258899854
emailb2bleads.com,Google Workspace,Google Workspace Business Starter,"December 22, 2021",Active,Flexible Plan,-,1,300,STtACh6toAD8ar,C0442vvio,3412086813
emailscontacts.com,Google Workspace,Google Workspace Business Starter,"December 22, 2021",Active,Flexible Plan,-,1,300,SvHDKZuH25Yfu7,C04dn6fs7,3412571011
emtees.online,Google Workspace,Google Workspace Business Standard,"January 31, 2022",Active,Flexible Plan,-,2,2,SbFb0L9Fgb92NN,C00t4q5rl,3522121983
emteesacademy.com,Google Workspace,Google Workspace Business Starter,"January 2, 2022",Active,Flexible Plan,-,2,300,SloVhJ6DsBAkmO,C02bpe3ow,3437407861
endurancehygiene.com,Google Workspace,Google Workspace Business Starter,"November 5, 2021",Active,Flexible Plan,-,3,4,SHsEWmyVn7lmuh,C024efd99,3278285202
enercraft.in,Google Workspace,Google Workspace Business Starter,"January 19, 2022",Active,Flexible Plan,-,1,300,Sh6agghAya4YCW,C02xfohcy,3486322424
enhancellp.com,Google Workspace,Google Workspace Business Starter,"August 3, 2021",Active,Flexible Plan,-,2,2,SqvdTxeeF1WIWG,C03a799wm,3009708997
envorein.com,Google Workspace,Google Workspace Business Starter,"September 28, 2021",Active,Flexible Plan,-,2,2,SGkbOWBaTZeXqC,C01uap2rv,3170506359
ephoneoman.com,Google Workspace,Google Workspace Business Starter,"March 21, 2022",Active,Flexible Plan,-,8,8,SPzUntPW2ZOS9N,C02t2b2rd,3667820549
epicproductions.me,Google Workspace,Google Workspace Business Starter,"March 21, 2022",Active,Flexible Plan,-,2,2,SMqra2ZLXvVurC,C01m82117,3667478309
equchef-me.com,Google Workspace,Google Workspace Business Starter,"March 21, 2022",Active,Flexible Plan,-,16,16,SdTeEvsE7TBq0b,C02fiykbs,3667482371
equchef.com,Google Workspace,G Suite Basic,"December 18, 2019",Suspended,Flexible Plan,-,1,1,Sd2KNv86lPyZO7,C04kfrp03,1191008174
errando.in,Google Workspace,Google Workspace Business Starter,"March 21, 2022",Active,Flexible Plan,-,10,10,SZ8JDYc5HJq6Dx,C01z00l1l,3667512348
esaki.ngo.org,Google Workspace,Google Workspace Business Standard,"April 30, 2021",Suspended,Trial Plan,-,1,1,SbSgWfNcKTzhra,C02dpt3pw,2747622692
etplatform.com,Google Workspace,Google Workspace Business Starter,"March 21, 2022",Active,Flexible Plan,-,6,6,Se05F5ue1EAdAV,C00uu0p0j,3667410440
eurostudys.com,Google Workspace,Google Workspace Business Starter,"October 2, 2021",Active,Flexible Plan,-,2,300,SzRaGfgH7iFdp2,C02cybc3u,3181379381
eurowaystudies.com,Google Workspace,Google Workspace Business Starter,"March 28, 2022",Active,Flexible Plan,-,17,17,SCKHw2RQM231z8,C048g2lc2,3688303431
evelabs.co,Google Workspace,Google Workspace Business Starter,"May 26, 2021",Active,Flexible Plan,-,10,10,SibR024Lck8Hbi,C02qxu3du,2820517110
evergreenpacks.com,Google Workspace,Google Workspace Business Starter,"March 12, 2021",Active,Flexible Plan,-,1,1,SoTFoxJTlD6OBY,C02xztxkz,2591714675
expodine.com,Google Workspace,Google Workspace Business Starter,"March 21, 2022",Active,Flexible Plan,-,2,2,ShUkdUN7eXKnxo,C02g72acv,3667352492
faizainternationaltravels.com,-,-,-,-,-,-,0,0,SNkmdt9K8szZGH,C02j4fo4u,-
farmhelp.in,-,-,-,-,-,-,0,0,SRZImAD9RwHsJr,C02zdaeby,-
fbmarry.com,-,-,-,-,-,-,0,0,SttvXJkkzf5eR4,-,-
feedbacq.co,-,-,-,-,-,-,0,0,S6WJeHF51Pe54E,C00ik0vpj,-
ferguae.org,-,-,-,-,-,-,0,0,S0rl4eTVz4jXtH,C03vrcw5n,-
fivestarprinters.com,Google Workspace,Google Workspace Business Starter,"March 21, 2022",Active,Flexible Plan,-,19,300,SWXXOPBZiOBzXm,C04l71h43,3667459404
flindia.co.in,-,-,-,-,-,-,0,0,Svk1xYXWI7peNq,C01xs3x0u,-
flycatchtech.com,Google Workspace,Google Workspace Business Starter,"May 8, 2021",Active,Flexible Plan,-,23,26,SJdnIwjXqCLvPQ,C026cfsp3,2768340416
flyingloop.com,-,-,-,-,-,-,0,0,SbXjeHs3ci0uYZ,C03s01icj,-
flyzoomtravels.com,Google Workspace,Google Workspace Business Starter,"April 4, 2021",Active,Flexible Plan,-,1,1,SXn1qXb6rZwvu9,C00o2w5qu,2669947650
followupster.com,-,-,-,-,-,-,0,0,S2jMpRebKZ1s0u,-,-
fortowl.com,-,-,-,-,-,-,0,0,SoEtBEO5vhuEbC,C01i6uxmx,-
franchisemedia.in,Google Workspace,Google Workspace Business Starter,"March 21, 2022",Active,Flexible Plan,-,3,3,SszMRLFDt3FPfq,C01xpoqk1,3667467499
freeejob.com,Google Workspace,Google Workspace Business Starter,"November 30, 2021",Active,Flexible Plan,-,1,300,S5A3w9Cz4Nmtym,C00knn0go,3350598268
fruition.in.net,Google Workspace,Google Workspace Business Starter,"March 21, 2022",Active,Flexible Plan,-,5,5,SaGvWl6va293g7,C04ckkrsn,3666240408
funchershop.com,Google Workspace,Google Workspace Business Starter,"March 21, 2022",Active,Flexible Plan,-,1,1,StMRckxR2oBPSZ,C03xp1kav,3667047829
gctchem.com,Google Workspace,Google Workspace Business Starter,"March 21, 2022",Active,Flexible Plan,-,4,4,SEcqwyjYGoOs3m,C029cv8td,3667608336
gelectricme.com,Google Workspace,Google Workspace Business Starter,"March 23, 2022",Active,Flexible Plan,-,6,6,SP1aXj9N7JZJtt,C03i402va,3674365810
genesisfacility.in,-,-,-,-,-,-,0,0,S8D7zvvQTUaP77,C01x2ldo1,-
geotechnosoft.com,Google Workspace,Google Workspace Business Starter,"October 17, 2021",Active,Flexible Plan,-,19,23,Ss4y6AGT16wQ6r,C02zbq12j,3224397648
ggmeds.in,Google Workspace,Google Workspace Business Starter,"January 7, 2022",Active,Flexible Plan,-,2,300,SOmrLRb0tSTt83,C00hpipmr,3450539784
glowship.com,Google Workspace,Google Workspace Business Starter,"March 23, 2022",Active,Flexible Plan,-,16,16,SP8kOIZlwsR1P3,C02coevjj,3677912851
godspeedimmigration.com,Google Workspace,Google Workspace Business Starter,"March 17, 2022",Active,Flexible Plan,-,24,30,SPULXfGfahQ1sw,C02huuubx,3657498750
granarystays.com,Google Workspace,Google Workspace Business Starter,"November 23, 2021",Active,Flexible Plan,-,1,300,SOW23QEvLSNYHk,C01otqfik,3331424119
grandhyper.com,Google Workspace,Google Workspace Business Starter,"April 27, 2021",Active,Flexible Plan,-,390,391,SW3psSB7QorH38,C0174uw35,2738217821
grandhyper.in,Google Workspace,Google Workspace Business Starter,"October 30, 2021",Active,Flexible Plan,-,16,16,SrBcF15fyy3YBH,C02f5b4kb,3261867843
gransainteriors.com,Google Workspace,Google Workspace Business Starter,"March 21, 2022",Active,Flexible Plan,-,4,4,SCrhz8XYBJA87i,C0195vwih,3667523168
grapestechs.com,Google Workspace,Google Workspace Business Starter,"September 22, 2021",Active,Flexible Plan,-,8,10,SMGyGdxSukRcD3,C0163u78i,3150414318
grazevalley.com,Google Workspace,Google Workspace Business Starter,"July 26, 2021",Active,Flexible Plan,-,1,300,SvqIbp7f1nK2tQ,C02lh9s12,2989560853
greeniitc.com,Google Workspace,Google Workspace Business Starter,"March 21, 2022",Active,Flexible Plan,-,13,13,SrP5rV9H05TtqC,C01tthpuh,3667734235
greenspace.org.in,Google Workspace,Google Workspace Business Starter,"November 24, 2021",Suspended,Trial Plan,-,1,300,SQ79bJwjZygeIK,C048g3iwc,3332190859
greenwoodenpallet.com,Google Workspace,Google Workspace Business Starter,"March 18, 2022",Active,Flexible Plan,-,1,1,SR4qReQaJHYDUq,C04dx7475,3662896988
groceroo.ae,Google Workspace,Google Workspace Business Starter,"March 19, 2022",Active,Flexible Plan,-,1,1,SVQSlR4mLZaNbQ,C0375go9k,3663471674
growthassociates.xyz,Google Workspace,Google Workspace Business Starter,"March 21, 2022",Active,Flexible Plan,-,7,7,Sgi7VvHWKNhlB0,C03ryi685,3667607299
happykid.in,Cloud Identity,Cloud Identity Free,"August 12, 2021",Active,Free Plan,-,0,0,SxzuTgYCQ0a4dd,C01256bhw,3034436665
happykid.in,Google Workspace,Google Workspace Business Starter,"January 19, 2021",Active,Flexible Plan,-,48,48,SxzuTgYCQ0a4dd,C01256bhw,2389223708
harrisjewels.com,Google Workspace,Google Workspace Business Starter,"March 21, 2022",Active,Flexible Plan,-,4,4,S0kO3zTeHA8YjF,C018tp6ql,3667470751
hawaiidmedia.com,-,-,-,-,-,-,0,0,S1kZfqdi2Iu803,C02ng095p,-
hazelgreen.in,Google Workspace,Google Workspace Business Starter,"September 23, 2021",Active,Flexible Plan,-,1,1,SrZohtldbDNKAm,C028gl9l4,3155910128
health-plus.ae,Google Workspace,Google Workspace Business Starter,"March 21, 2022",Active,Flexible Plan,-,20,20,SKrxsYxAptfndU,C02z1mj6h,3667758695
hellolab.com,Google Workspace,G Suite Basic,"June 18, 2020",Suspended,Flexible Plan,-,1,1,Su5D9EZb4lm92N,C02gubyyt,1698550131
hellolabww.com,Google Workspace,Google Workspace Business Starter,"March 21, 2022",Active,Flexible Plan,-,2,3,SBRcHy52rzSBLC,C01q0k5s6,3667283703
hidile.com,Google Workspace,Google Workspace Business Starter,"March 26, 2022",Active,Flexible Plan,-,1,1,SwKVJLOCTZhMMe,C00qr7l5x,3683625839
hilitemall.com,Google Workspace,Google Workspace Business Starter,"March 21, 2022",Active,Flexible Plan,-,37,37,SUXpRrkEwhlZu2,C00xdek31,3667535939
hirestaar.com,Google Workspace,Google Workspace Business Starter,"March 21, 2022",Active,Flexible Plan,-,5,14,SPdTdXpArVL7Cc,C03bj1beh,3667892938
hirestarjobbank.com,Google Workspace,Google Workspace Business Starter,"August 22, 2021",Active,Flexible Plan,-,19,19,S3FK8sQ9Nzf35c,C027a68d7,3057660372
hogartechnologies.com,Google Workspace,Google Workspace Business Starter,"April 13, 2021",Suspended,Flexible Plan,-,1,1,SOXWVOgfhlpDm1,C02phpd8x,2693761191
homespheregroup.com,Google Workspace,Google Workspace Business Starter,"March 10, 2021",Active,Flexible Plan,-,10,10,SjlfIxsfnVNDC8,C04ire8nj,2582737239
honeykode.com,Google Workspace,Google Workspace Business Starter,"October 11, 2021",Active,Flexible Plan,-,34,300,SkXT0zU1lnGiLq,C03191avx,3205276586
hosepoint.com,Google Workspace,Google Workspace Business Starter,"March 21, 2022",Active,Flexible Plan,-,2,2,SrOGhUOTzhQgWg,C03xv3n89,3667846482
hotboxkitchen.com,Google Workspace,Google Workspace Business Starter,"March 21, 2022",Active,Flexible Plan,-,1,1,Su7jkSyFz5sisk,C01x4us3y,3667395470
hotelroiki.com,Google Workspace,Google Workspace Business Starter,"September 24, 2021",Active,Flexible Plan,-,3,300,SHkPwyQ7Hs09Dk,C01f6atoa,3156095990
hotiffin.com,Google Workspace,Google Workspace Business Starter,"March 21, 2022",Active,Flexible Plan,-,5,5,SGYyeRiL9RMwfs,C01t2mj4n,3667412534
hozzowash.com,Google Workspace,Google Workspace Business Starter,"June 16, 2021",Active,Flexible Plan,-,8,8,SgL7iIzAyyrmkJ,C02ffurze,2879706941
hsjbglobal.com,Google Workspace,Google Workspace Business Starter,"August 23, 2021",Active,Flexible Plan,-,20,20,S6WHXKnL633e2l,C039udccy,3060995235
htimkc.com,Google Workspace,Google Workspace Business Starter,"December 30, 2021",Active,Flexible Plan,-,2,300,SqDfJf5NYkipWS,C0173hcmd,3430114623
huntsel.com,Google Workspace,Google Workspace Business Starter,"March 21, 2022",Active,Flexible Plan,-,1,1,S348qD81q7G6R8,C02n0ch4k,3667369159
hvcube.com,Google Workspace,Google Workspace Business Starter,"February 3, 2022",Active,Flexible Plan,-,5,300,SMna6aAknrT4w0,C00vebs0y,3533771721
hyvesports.com,Google Workspace,G Suite Basic,"November 17, 2019",Active,Annual Plan (Yearly Payment),"November 17, 2022",10,15,Sqh0UNz7w2ui44,C02opn3y4,1135351784
ibirdmedia.in,Google Workspace,Google Workspace Business Starter,"March 21, 2022",Active,Flexible Plan,-,13,27,SRXvOG9PfakaVi,C00tqsrsu,3667331494
ictkerala.org,Google Workspace,Google Workspace Business Starter,"May 17, 2021",Active,Flexible Plan,-,59,59,SuzrcQg63KuuQe,C03o3qez1,2796060910
ideacorp.info,Google Workspace,Google Workspace Business Starter,"March 9, 2021",Active,Flexible Plan,-,5,5,Sv50bw9fJXxMVa,C00lb0bow,2578830147
idealwears.in,Google Workspace,Google Workspace Business Starter,"March 22, 2022",Active,Flexible Plan,-,1,1,SjmXpQwktLoeaA,C01dnmkx4,3670988825
idealwears.in,Cloud Identity,Cloud Identity Free,"March 22, 2022",Active,Free Plan,-,0,0,SjmXpQwktLoeaA,C01dnmkx4,3670020406
iginp.com,Google Workspace,Google Workspace Business Starter,"March 21, 2022",Active,Flexible Plan,-,1,1,SGDMpJYMIvBBa7,C02yosqbd,3667809800
igloopupa.com,Google Workspace,Google Workspace Business Starter,"March 21, 2022",Active,Flexible Plan,-,4,4,SicdoF8aCbBK3h,C02hhdg2p,3666810668
ihgind.com,Google Workspace,Google Workspace Business Starter,"March 9, 2022",Active,Flexible Plan,-,34,300,SZjR7QKlv6XpF1,C01r9obsk,3631016133
imageinadsco.com,-,-,-,-,-,-,0,0,SzwroIur8Ppd1g,C025yuu10,-
inkeredu.com,-,-,-,-,-,-,0,0,SVoj3YpyuwcBsK,C03fotouw,-
inmakes.in,Google Workspace,Google Workspace Business Starter,"July 26, 2021",Active,Flexible Plan,-,35,35,SVFzWzvRQs3h1Q,C027wbbde,2988673949
innovativemoderndesign.com,-,-,-,-,-,-,0,0,SLHKcrG32wOgKW,-,-
innovushealthcare.com,Google Workspace,Google Workspace Business Starter,"October 6, 2021",Active,Flexible Plan,-,6,300,S04fpIlwFP8jk5,C01umneg5,3191736386
insidetrackservices.com,Google Workspace,Google Workspace Business Starter,"March 21, 2022",Active,Flexible Plan,-,2,2,SdJHd8Igk6N40A,C01anquum,3667473338
insightinternational.in,Google Workspace,Google Workspace Business Starter,"September 26, 2021",Active,Flexible Plan,-,31,32,ShiX5YMSM7gEPA,C03vu7e7r,3163184052
inspiredholding.com,Google Workspace,Google Workspace Business Starter,"March 9, 2022",Active,Flexible Plan,-,11,300,SM7PPaE1pcNp5U,C032pvztu,3632221513
instafab.in,Google Workspace,Google Workspace Business Starter,"July 5, 2021",Active,Flexible Plan,-,1,1,Sl7Wug6tpaaBGF,C03l0hma5,2937303321
interfacepos.com,Google Workspace,Google Workspace Business Starter,"September 24, 2021",Active,Flexible Plan,-,2,2,Sopa0s7XZOtYH9,C00o6990i,3156147317
interioin.com,Google Workspace,Google Workspace Business Starter,"October 11, 2021",Active,Flexible Plan,-,4,4,SMvvHMmvYDOgvh,C01vqao1p,3204896298
internship.ind.in,Google Workspace,G Suite Basic,"January 27, 2021",Suspended,Flexible Plan,-,1,1,Ss9sFt8rUyxhh8,C0200c7wr,2420999974
invospark.in,-,-,-,-,-,-,0,0,SA7cSEIBgyucHw,C03w4jqxm,-
invothink.com,Google Workspace,Google Workspace Business Starter,"March 3, 2021",Active,Flexible Plan,-,4,4,ST6XmpeZqZ1XnW,C03d99pxj,2555516616
iorta.in,Google Workspace,Google Workspace Business Starter,"November 30, 2021",Active,Flexible Plan,-,180,300,SPftTcA12Tcf3A,C01v4z6h2,3350852847
iorta.in,Google Drive storage,20 GB,"November 30, 2021",Active,Flexible Plan,-,1,1,SPftTcA12Tcf3A,C01v4z6h2,3351077539
ioss.in,Google Workspace,Google Workspace Business Starter,"March 21, 2022",Active,Flexible Plan,-,12,12,SSHfW4qGQCxcKt,C03az4lqa,3667843835
iptif.tech,Google Workspace,Google Workspace Business Starter,"July 1, 2021",Active,Flexible Plan,-,19,20,S2KJ2A4xGx7sgj,C01ohgqgu,2928454629
iqraahospital.in,Google Workspace,Google Workspace Business Starter,"May 3, 2021",Active,Flexible Plan,-,94,94,SoWxbl3gY8PgCh,C015dtuhd,2752533114
irinjalakudalive.com,Google Workspace,Google Workspace Business Starter,"July 10, 2021",Active,Flexible Plan,-,1,1,SIiGpOytloAlQR,C02thoi0k,2949622450
isik.in,Google Workspace,Google Workspace Business Starter,"March 21, 2022",Active,Flexible Plan,-,1,1,Sf2AFaXBiDSUKJ,C013lewzz,3667851095
itmarts.ac.in,Google Workspace,Google Workspace Business Plus,"September 10, 2021",Suspended,Flexible Plan,-,1,1,SEsVWMMktPvkNk,C01cjibtp,3115334162
itmmba.ac.in,Google Workspace,Google Workspace Business Plus,"March 25, 2022",Active,Flexible Plan,-,1,1,S0MIoGKR4DEYJU,C02lspu8s,3683626378
jagarabia.com,Google Workspace,Google Workspace Business Starter,"March 21, 2022",Active,Flexible Plan,-,5,5,SBPNDOoJ2B4H54,C03ucnib6,3668069551
jaihindconstructions.com,Google Workspace,Google Workspace Business Starter,"January 4, 2022",Suspended,Flexible Plan,-,3,300,SgGGCkRTuqlnmG,C049ziaud,3443008144
jaldee.com,Google Workspace,Google Workspace Business Starter,"March 23, 2022",Active,Flexible Plan,-,30,32,SSKBXALcRCT2SA,C010oz4cn,3677405681
jannatalarab.com,Google Workspace,Google Workspace Business Starter,"March 21, 2022",Active,Flexible Plan,-,4,4,SEuHUuwKNLdOBO,C03i7vevv,3666608786
jbgrp.com,Google Workspace,G Suite Basic,"February 23, 2019",Suspended,Flexible Plan,-,1,50000,SxHoyWkNxFLt0O,C03m679xa,620954771
jewelhotelbahrain.com,Google Workspace,Google Workspace Business Starter,"March 21, 2022",Active,Flexible Plan,-,20,20,SsNITMub34y3iq,C036yoi88,3665582519
jobbiz.net,Google Workspace,G Suite Basic,"January 30, 2021",Suspended,Flexible Plan,-,1,1,Svn9EyIuoK992c,C03oarcxe,2431589788
johnandsmithglobal.com,Google Workspace,G Suite Basic,"November 10, 2020",Suspended,Flexible Plan,-,6,6,SCTnGeDQMh53Z4,C02jxxx6f,2161213378
joint-stores.com,Google Workspace,Google Workspace Business Starter,"June 22, 2021",Active,Flexible Plan,-,2,300,SE2KwhQv0dQqXe,C00rco7cn,2899325830
jpjacobsinternationaluniversity.com,Google Workspace,Google Workspace Business Starter,"February 10, 2022",Active,Flexible Plan,-,1,1,ScFFB8xyHvr6AC,C028uxmvf,3556080065
kailpar.com,-,-,-,-,-,-,0,0,Sfq0krNdMcz0h9,-,-
kalathilenterprise.com,Google Workspace,Google Workspace Business Starter,"June 15, 2021",Active,Flexible Plan,-,6,300,SvdqwSUdal58Gs,C04l8mfji,2875436876
kalkifashion.com,Cloud Identity,Cloud Identity Free,"April 1, 2019",Active,Free Plan,-,0,0,SSzli7BJI3Jujz,C02sdova5,696046691
kalkifashion.com,Google Workspace,Google Workspace Business Starter,"March 20, 2022",Active,Flexible Plan,-,219,300,SSzli7BJI3Jujz,C02sdova5,3667227039
kalyandevelopers.com,Google Workspace,Google Workspace Business Standard,"March 30, 2022",Active,36 months Fixed Term Plan (Monthly Payment),"March 30, 2025",10,10,S9yATwfMBRcaqC,C04hydn9i,3694657086
kalyandevelopers.com,Google Workspace,Google Workspace Business Starter,"July 14, 2021",Active,Flexible Plan,-,44,54,S9yATwfMBRcaqC,C04hydn9i,2959375354
kalyansarees.co.in,Google Workspace,Google Workspace Business Starter,"September 3, 2021",Active,Flexible Plan,-,11,12,SlzEpLTxLRcAuT,C038z0j12,3093423448
kanadikavu.com,Google Workspace,Google Workspace Business Starter,"March 21, 2022",Active,Flexible Plan,-,1,1,S3GR9Nov2TWw9k,C040rs471,3667990844
kankatala.com,Google Workspace,Google Workspace Business Starter,"November 8, 2021",Active,36 months Fixed Term Plan (Monthly Payment),"November 17, 2024",60,60,S40eQwnqPytjSR,C01213sij,3287253019
karlan.in,Google Workspace,Google Workspace Business Starter,"April 6, 2022",Active,Flexible Plan,-,13,300,SRNkMbHIYMyyO2,C01ciz9wx,3717029142
karlzkitchen.com,-,-,-,-,-,-,0,0,SlIyreE0yBfOMd,C01r00gj6,-
karnizpacks.com,Google Workspace,Google Workspace Business Starter,"August 2, 2021",Active,Flexible Plan,-,10,10,SoMrTl9ctmYr6O,C02tpzssv,3009704447
kashkontent.co,Google Workspace,Google Workspace Business Starter,"March 21, 2022",Active,Flexible Plan,-,4,4,SNMFFvcX5DIH2G,C022mt6kc,3666862696
kellangold.com,Google Workspace,Google Workspace Business Starter,"May 3, 2021",Suspended,Flexible Plan,-,7,7,Sb7aIWZCKNZ83d,C02037agw,2755599988
keralaathletics.com,Google Workspace,Google Workspace Business Starter,"March 2, 2022",Active,Flexible Plan,-,3,4,SMAzjgD0h2ot9p,C00npzgh0,3612842301
kiebot.com,Google Workspace,Google Workspace Business Starter,"September 5, 2021",Active,Flexible Plan,-,38,300,SqMezsX71ObnnP,C00upgla4,3099647776
kitchenskoncepts.com,Google Workspace,Google Workspace Business Starter,"March 21, 2022",Active,Flexible Plan,-,4,4,SzDahPxPwZemoH,C044nznwk,3667834887
kl7.ae,Google Workspace,Google Workspace Business Starter,"September 28, 2021",Active,Flexible Plan,-,3,300,SEOVXy3ZfF9Jym,C0499emch,3167717193
kmoil.in,Google Workspace,Google Workspace Business Starter,"March 21, 2022",Active,Flexible Plan,-,8,8,STgL1z8H0xWIz0,C00kpmq7f,3666484327
knowledgemission.kerala.gov.in,Google Workspace,Google Workspace Business Starter,"January 9, 2022",Active,Flexible Plan,-,24,30,SuqLHNgaQFx64l,C033vhm6i,3456819701
koncert.in,Google Workspace,Google Workspace Business Starter,"March 21, 2022",Active,Flexible Plan,-,1,1,SVdPOR1zL3zOv4,C01duwq8a,3667771713
koopp.io,Google Workspace,Google Workspace Business Starter,"March 21, 2022",Active,Flexible Plan,-,5,6,SXZMimoWduv3oG,C00qshlji,3667560645
koyambedumarket.in,Google Workspace,Google Workspace Business Starter,"February 28, 2022",Active,Flexible Plan,-,9,9,SCbjHBxhQRJwgg,C03e82jnv,3605690208
kpihealthcare.in,Google Workspace,Google Workspace Business Starter,"May 30, 2021",Active,Flexible Plan,-,27,27,S5sonEoOivZKk6,C01ycafy1,2832985649
kssc.in,Google Workspace,Google Workspace Business Starter,"March 21, 2022",Active,Flexible Plan,-,2,2,S1qncFpB4JkXW7,C01r9mdpk,3667728946
lamaisonbarbers.com,Google Workspace,G Suite Basic,"June 25, 2019",Suspended,Annual Plan (Monthly Payment),"July 24, 2020",2,2,SGAPG0ap8bHPcy,C044j3ft0,854360737
larisonexports.com,Google Workspace,Google Workspace Business Starter,"March 21, 2022",Active,Flexible Plan,-,1,1,Sx2FMO24elTRWY,C02fvtjkp,3667810012
leadandleap.com,Google Workspace,Google Workspace Business Starter,"March 21, 2022",Active,Flexible Plan,-,10,11,SsO52haTulrqPo,C033c59tr,3667418509
lecurryny.com,Google Workspace,Google Workspace Business Starter,"March 21, 2022",Active,Flexible Plan,-,1,1,SuZGu7bndRRQj2,C01b4u5u4,3667497752
ledworld.com,Google Workspace,Google Workspace Business Starter,"March 9, 2022",Active,Flexible Plan,-,19,300,S60iELVP0W51cp,C02dfyq8w,3632112614
lilaorders.com,-,-,-,-,-,-,0,0,SLY5UwELKIIVfu,-,-
linkvalley.in,Google Workspace,Google Workspace Business Standard,"April 5, 2022",Active,Flexible Plan,-,1,300,SMj8y3iGT177cg,C028tfe6j,3714746279
littleflowerinstitute.com,Google Workspace,Google Workspace Business Starter,"July 5, 2021",Active,Flexible Plan,-,1,300,Si1GAnhmqMxakn,C03ct311b,2937054490
livelattice.com,Google Workspace,Google Workspace Business Starter,"March 21, 2022",Active,Flexible Plan,-,1,1,SwnMDrbsFI3klt,C03r7cyb9,3667740872
lodestarfze.com,Google Workspace,Google Workspace Business Starter,"November 15, 2021",Active,Flexible Plan,-,9,300,Sf8YlLF0DjZ2a7,C03s2wrf1,3305493836
loforindia.com,Google Workspace,Google Workspace Business Starter,"June 30, 2021",Suspended,Flexible Plan,-,2,2,SMjGPxgcGBlvBi,C02d893ft,2923318514
logiology.com,Google Workspace,Google Workspace Business Starter,"March 21, 2022",Active,Flexible Plan,-,7,7,SQEWazUvAxSeV5,C0239qt0z,3667534663
lsa.ae,-,-,-,-,-,-,0,0,SiP4Gjp5pBNhkI,-,-
lucasfly.com,Google Workspace,Google Workspace Business Starter,"January 26, 2021",Suspended,Flexible Plan,-,11,11,Sbbo33OmhZ8kPo,C01736vd8,2419332720
luxorahotel.com,-,-,-,-,-,-,0,0,S2mXsgCu2irjW1,C02fclx8c,-
luzansky.ae,Google Workspace,Google Workspace Business Starter,"April 10, 2021",Active,Flexible Plan,-,4,4,SZqZyCr9joe8XN,C034gbyhj,2685625953
macitoz.com,Google Workspace,G Suite Basic,"July 8, 2020",Suspended,Flexible Plan,-,1,1,SIpaccHfu2lBaE,C00w86ofs,1756902295
macura.in,Google Workspace,Google Workspace Business Starter,"March 21, 2022",Active,Flexible Plan,-,2,2,SMxegySilbET8V,C017bscjk,3667360446
maeksa.com,Google Workspace,Google Workspace Business Starter,"March 18, 2022",Active,Flexible Plan,-,4,4,SxGAzG7IzzHL2u,C02ikkpwz,3662741196
makanrealty.com,Google Workspace,Google Workspace Business Starter,"March 21, 2022",Active,Flexible Plan,-,2,2,SBoKk2tnlsPjoM,C0150shbi,3667518046
makemydestination.com,Google Workspace,G Suite Basic,"October 16, 2019",Suspended,Flexible Plan,-,2,2,SkAS0coQ4zQIii,C04b58y8i,1070916810
makhahydraulics.com,Google Workspace,Google Workspace Business Starter,"December 16, 2021",Active,Flexible Plan,-,1,300,SKPOOimz4YtVDd,C00jr6dxb,3397770577
makimagingsolutions.com,Google Workspace,Google Workspace Business Starter,"June 22, 2021",Active,Flexible Plan,-,7,300,SpN0y0JTUO6l1a,C038xiw7t,2902041791
malabarchamber.org,-,-,-,-,-,-,0,0,S34BJd53jZQ1Un,C02rgp2e2,-
malembusiness.com,Google Workspace,Google Workspace Business Starter,"March 29, 2021",Active,Flexible Plan,-,4,4,SyuLVUHm0R5ut9,C01xpt72x,2650607002
mapshore.com,Google Workspace,Google Workspace Business Starter,"March 20, 2022",Active,Flexible Plan,-,36,36,SSS5WBjfUkeXEM,C01zwmvwi,3667063944
marinetechdubai.com,-,-,-,-,-,-,0,0,SVQZ3bHRLv3hR4,-,-
marvelacademy.net,Google Workspace,G Suite Basic,"August 29, 2020",Suspended,Flexible Plan,-,5,20,ShqSZj9O5QmB1t,C01jnbc1n,1919836415
materialsupply-saudi.com,Google Workspace,Google Workspace Business Starter,"March 21, 2022",Active,Flexible Plan,-,2,2,SvfvAlmq4ESGuS,C00o00zjg,3667876178
mavensmarks.com,Google Workspace,Google Workspace Business Starter,"June 23, 2021",Suspended,Flexible Plan,-,3,300,Sa3N6oA3WaUwwy,C00tyreiy,2902580420
mc-realestates.com,Google Workspace,Google Workspace Business Starter,"February 2, 2022",Active,Flexible Plan,-,5,300,Sv1qBr48mxTpXr,C03s70272,3529957483
mctlawcollege.org,Google Workspace,Google Workspace Enterprise Plus,"September 13, 2020",Suspended,Flexible Plan,-,1,1,SCi54QyDpX7Xif,C04b2s09z,1967964249
meattodoor.ae,Google Workspace,Google Workspace Business Starter,"March 21, 2022",Active,Flexible Plan,-,9,9,SdJQaytvVzIzeW,C0377fey9,3667692264
mediaboxcalicut.com,Google Workspace,G Suite Basic,"March 1, 2019",Suspended,Flexible Plan,-,1,3,SzCUVhVXMPkQAY,C01gelean,634676486
meditourz.com,-,-,-,-,-,-,0,0,SIRGQgtdHSzmF7,C03p0nntf,-
medomed.co.in,Google Workspace,Google Workspace Business Starter,"March 21, 2022",Active,Flexible Plan,-,1,1,SMT8k0hOKeMhWY,C00kl1b13,3666754382
medorahotels.in,Google Workspace,Google Workspace Business Starter,"March 21, 2022",Active,Flexible Plan,-,10,12,SEJ0xc8OH7J8OW,C01n1fmz1,3664572943
metalkraftllc.com,-,-,-,-,-,-,0,0,SGkpNJytlFg7i5,C01fincxv,-
metleaf.in,Google Workspace,G Suite Basic,"October 11, 2019",Suspended,Trial Plan,-,1,1,SVCtmVAACKXWtJ,C00uu5whv,1058671310
metrobusinessgroup.com,Google Workspace,G Suite Basic,"February 12, 2019",Suspended,Flexible Plan,-,1,50000,Sbkuh2GMHzoWo2,C02c3kx22,600632503
mfreshsg.com,Google Workspace,Google Workspace Business Starter,"March 18, 2022",Active,Flexible Plan,-,4,4,SsXcSyD2NDV6S8,C017t9ggv,3662626401
millenniumbms.com,Google Workspace,Google Workspace Business Starter,"February 7, 2021",Suspended,Flexible Plan,-,2,2,SlyN9p735yXCYA,C03233h84,2461206460
minarfashion.com,Google Workspace,Google Workspace Business Starter,"May 24, 2021",Active,Flexible Plan,-,2,2,SLvG8VbTXqilFM,C02wnx3vq,2813687275
mindtrust.in,Google Workspace,Google Workspace Business Standard,"December 2, 2021",Active,Flexible Plan,-,1,300,SNBjnYHwgqrQzf,C01fu7psp,3357498711
missionbettertomorrow.org,Google Workspace,Google Workspace Business Starter,"March 21, 2022",Active,Flexible Plan,-,3,3,SLgzpfRJsR13z9,C03hzoqeh,3667786135
mmstechsolutions.com,Google Workspace,Google Workspace Business Starter,"March 21, 2022",Active,Flexible Plan,-,2,2,SdD2joy8qMxu4p,C010zghav,3666334501
modernmep.com,Google Workspace,Google Workspace Business Starter,"December 14, 2021",Active,Flexible Plan,-,7,300,ShsDfkLx19HurF,C01u0ti93,3393722595
mojtamastore.com,Google Workspace,Google Workspace Business Starter,"March 21, 2022",Active,Flexible Plan,-,1,1,SKIVQRytZnXl2r,C01panspk,3667340402
mokshastays.com,Google Workspace,Google Workspace Business Starter,"November 23, 2021",Active,Flexible Plan,-,1,300,SpjEwheHqdUZ2e,C01nn5iol,3331618607
monashholdings.in,Google Workspace,Google Workspace Business Starter,"March 21, 2022",Active,Flexible Plan,-,1,1,Sp4LBAtkiGI0PT,C01z1l8kn,3667569316
montaigne.ae,Google Workspace,G Suite Basic,"December 9, 2020",Suspended,Flexible Plan,-,2,3,SYUUI4K5sqpXXV,C0469v7xh,2271686157
montekids.in,Google Workspace,Google Workspace Business Starter,"March 25, 2021",Active,Flexible Plan,-,1,1,StyJ0RqoNq4c41,C04dsgr0f,2639272523
moscadadigital.com,Google Workspace,G Suite Basic,"April 20, 2020",Suspended,Flexible Plan,-,1,50000,S7WLpLqA5oW7Ge,C03y2os0y,1509975508
mountainbellbh.com,-,-,-,-,-,-,0,0,SE4eqPCkRCXj1T,-,-
muckty.com,Google Workspace,Google Workspace Business Starter,"December 5, 2021",Active,Flexible Plan,-,1,1,SDbeXItn2PYvGr,C03moy95x,3364863226
multilines.com.sa,Google Workspace,Google Workspace Business Starter,"March 21, 2022",Active,Annual Plan (Yearly Payment),"March 21, 2023",15,15,SwM9ekramu94Eh,C04d3uedh,3667361483
multiprollc.com,Google Workspace,Google Workspace Business Starter,"November 15, 2021",Active,Flexible Plan,-,9,300,SgOIOcTGpTFb5k,C03010iqa,3304452354
multisys.me,Google Workspace,Google Workspace Business Starter,"March 21, 2022",Active,Flexible Plan,-,8,8,SEmpgy5my2IV6a,C04c8pb02,3667672767
munichwoodworks.com,Google Workspace,Google Workspace Business Starter,"March 21, 2022",Active,Flexible Plan,-,4,4,SKCdOVfZq82LnW,C023op4k0,3667852871
myeglu.com,Google Workspace,Google Workspace Business Starter,"May 13, 2021",Active,Flexible Plan,-,42,300,ScDGEHjxlyj0zc,C028lmyqu,2786236215
nabeeln.com,-,-,-,-,-,-,0,0,Sj6udG65wu1B1M,C02u8nlhq,-
nalukettu.co.in,Google Workspace,Google Workspace Business Starter,"March 21, 2022",Active,Annual Plan (Yearly Payment),"March 21, 2023",2,2,S6cLrSmCZIOArG,C038y01k2,3665098551
nanmaconstruct.com,Google Workspace,Google Workspace Business Starter,"July 28, 2021",Active,Flexible Plan,-,30,30,SdsfIIcLOwpFPj,C02ilqim1,2997428819
navyabakes.com,Google Workspace,Google Workspace Business Starter,"April 30, 2021",Active,Flexible Plan,-,21,21,Si3oZgIsaeLTdY,C04l1p72o,2744755863
neerpharma.com,Google Workspace,Google Workspace Business Starter,"May 6, 2021",Active,Flexible Plan,-,4,5,SrAAZTG23L6sBa,C00n9eksg,2763433752
neoito.com,Google Workspace,Google Workspace Business Starter,"February 25, 2021",Active,36 months Fixed Term Plan (Monthly Payment),"February 25, 2024",216,224,SCWoGVROG22VTy,C04bqzmeu,2533680929
neoitoplc.com,Google Workspace,Google Workspace Business Plus,"September 26, 2021",Active,Flexible Plan,-,2,300,SRDZQytT8jBcJG,C02jyi654,3163323836
networthsoft.com,Google Workspace,Google Workspace Business Starter,"June 25, 2021",Active,Flexible Plan,-,10,300,Sg0C1OeUFcWoUf,C02h6ofzb,2911763264
newziedairy.com,Google Workspace,Google Workspace Business Starter,"March 21, 2022",Active,Flexible Plan,-,6,10,S456YUvIfDrFJJ,C017a7e3b,3667744519
nexofootwear.com,-,-,-,-,-,-,0,0,SvoFJUDgfPcfoP,-,-
ngceconomics.in,Google Workspace,Google Workspace Business Plus,"April 20, 2021",Suspended,Flexible Plan,-,1,1,SokZW8Fw8sXHJA,C04fdv23d,2717974516
nilamel.com,Google Workspace,Google Workspace Business Starter,"November 11, 2021",Active,Flexible Plan,-,5,5,Ssy1f1OIwFMGh0,C02spl0th,3297934458
nileshwarurbanbank.com,Google Workspace,Google Workspace Business Starter,"July 5, 2021",Active,Flexible Plan,-,8,8,SEvfAQ6FABUYmn,C03790dfc,2937030427
nmsbuilders.com,Google Workspace,G Suite Basic,"December 11, 2020",Suspended,Flexible Plan,-,1,1,SwZTj8pULav1KG,C01nc2ckb,2281007477
nnplacement.com,Google Workspace,Google Workspace Business Starter,"March 21, 2022",Active,Flexible Plan,-,1,1,SVdALjewrCRwud,C00t4s0wf,3667230530
noblediagnostics.in,Google Workspace,Google Workspace Business Starter,"March 21, 2022",Active,Flexible Plan,-,2,2,SPd1qpnpOurRue,C04ecpvcd,3667634566
noblepublicschool.org,-,-,-,-,-,-,0,0,Ss4w4dIAXJj64U,C02vq2sub,-
novelspice.com,Google Workspace,Google Workspace Business Starter,"July 27, 2021",Active,Flexible Plan,-,1,1,SxTDhzbTYuD9VZ,C01imsnym,2991948427
nrifuture.com,Google Workspace,Google Workspace Business Starter,"August 1, 2021",Suspended,Flexible Plan,-,2,300,S3gfXEvNQMToiT,C033tlcj4,3004958240
nucore.in,Google Workspace,Google Workspace Business Starter,"March 20, 2022",Active,Flexible Plan,-,193,193,SovPKKaLxHKjKN,C01nq65ya,3667319151
oecoman.com,-,-,-,-,-,-,0,0,ShuHW5iu1V8Erg,C043f42ki,-
ogera.in,Google Workspace,G Suite Basic,"October 17, 2019",Suspended,Trial Plan,-,1,1,Snx427HZrVy7zh,C02g5oo1e,1073211422
oi-me.com,Google Workspace,Google Workspace Business Starter,"March 21, 2022",Active,Flexible Plan,-,8,14,S0LQ6Pre41w53X,C01j4pltn,3670646357
onyxbuilders.in,Google Workspace,Google Workspace Business Starter,"May 26, 2021",Active,Flexible Plan,-,3,3,SWvtZRPEkRo2vv,C02437my0,2820688579
oracus.net,Google Workspace,Google Workspace Business Starter,"March 21, 2022",Active,Flexible Plan,-,37,55,Sz8o4s2WZN54gi,C019hwbei,3667349624
orangemena.com,Google Workspace,Google Workspace Business Starter,"March 21, 2022",Active,Flexible Plan,-,3,4,SM9CvbWzcjPNZw,C00lok4u3,3667823004
orbitrics.com,Google Workspace,Google Workspace Business Starter,"June 29, 2021",Active,Flexible Plan,-,5,300,Sesvl4jb8XWX8h,C01yrezho,2919406879
orioncells.com,Google Workspace,Google Workspace Business Starter,"March 21, 2022",Active,Flexible Plan,-,11,11,SDlbgi7zPLs6sP,C03gjd1bh,3667713635
orma.co.in,Google Workspace,Google Workspace Business Starter,"December 13, 2021",Suspended,Flexible Plan,-,1,300,SrFAtgyGTxnvC9,C01rqfgxa,3385940991
osa-oman.com,Google Workspace,Google Workspace Business Starter,"May 21, 2021",Active,Flexible Plan,-,11,300,SVLYJYeqJCDaEz,C02nfjtcm,2807012655
osdphotography.com,Google Workspace,Google Workspace Business Starter,"April 3, 2022",Active,Flexible Plan,-,1,1,SQoWscTUL1xJS5,C04894t5c,3708297235
otaibi.law,Google Workspace,Google Workspace Business Starter,"December 14, 2021",Active,Flexible Plan,-,4,4,S7CbxLC5e5p1Ox,C04eku1at,3389660159
oureyestore.com,Google Workspace,Google Workspace Business Starter,"April 13, 2021",Active,Flexible Plan,-,1,1,S3ggOwVNOxA6mm,C0202bfdb,2694307228
overseasairtravel.com,Google Workspace,Google Workspace Business Starter,"March 18, 2022",Active,Flexible Plan,-,1,1,Sbe7LdfT1N9Hzo,C00z71cks,3662468109
owl-generation.com,Google Workspace,Google Workspace Business Starter,"March 21, 2022",Active,Flexible Plan,-,4,4,SeW1ctuw81IOEM,C03nralhq,3667303279
owlgeneration.in,-,-,-,-,-,-,0,0,SZ1r2w7Da1pQTd,C01toqs8x,-
oxfoninternational.com,Google Workspace,Google Workspace Business Starter,"December 5, 2021",Active,Flexible Plan,-,4,4,SKilGhNd86AYZu,C01wtrchr,3364650532
oxxohomeinteriors.com,Google Workspace,Google Workspace Business Starter,"March 21, 2022",Active,Flexible Plan,-,1,1,SI9wySilhRcixB,C01a784i1,3667661885
pancorphrsolutions.com,Google Workspace,Google Workspace Business Starter,"March 23, 2022",Active,Flexible Plan,-,10,10,S3vsDh7qksbND3,C01qhhxkl,3677832604
parcolights.com,Google Workspace,Google Workspace Business Starter,"March 21, 2022",Active,Flexible Plan,-,8,8,Scihgih4XY69y9,C04fcvor3,3667535548
pbgbank.com,Google Workspace,Google Workspace Business Starter,"March 21, 2022",Active,Flexible Plan,-,1,1,SrfgPtKdhG7HYy,C00lyuzjv,3667776045
peeveestrading.com,Google Workspace,Google Workspace Business Starter,"March 21, 2022",Active,Flexible Plan,-,1,1,SO6ag3BFztRRFu,C00pkz0nu,3667890252
pentestgarage.com,Google Workspace,G Suite Basic,"December 8, 2020",Suspended,Flexible Plan,-,1,1,SKypmuSm3KWtl4,C01nrs7ss,2271413508
perfecthandssolutions.com,Google Workspace,Google Workspace Business Starter,"March 21, 2022",Active,Flexible Plan,-,10,20,S2oqhRLfPHdVRv,C0337vb19,3667815161
phs.network,Google Workspace,Google Workspace Business Starter,"March 21, 2022",Active,Flexible Plan,-,3,3,SPoFF03YabHGXm,C01gbcjkp,3667668087
pillathaangi.com,Google Workspace,Google Workspace Business Starter,"March 11, 2022",Active,Flexible Plan,-,1,1,S3a2YRSzWpSwtS,C01lsyqoj,3638633402
pixelmate.ae,Google Workspace,Google Workspace Business Starter,"February 23, 2022",Active,Flexible Plan,-,3,3,SyWMxgSHhkGjYk,C03rhgxmg,3592359077
platinummetals.ae,Google Workspace,Google Workspace Business Starter,"March 21, 2022",Active,Flexible Plan,-,5,5,ShlbnXVKD5bWlf,C03433ok6,3666663832
pnnmayurvedacollege.com,Google Workspace,Google Workspace Enterprise Standard,"November 6, 2020",Suspended,Flexible Plan,-,1,1,SefmVu2ff8gmJh,C02vx5zuj,2153054944
pocketcar.net,Google Workspace,Google Workspace Business Starter,"March 21, 2022",Active,Flexible Plan,-,1,1,SBG3CqUOIlPqY0,C03juqopz,3667671260
popularsteels.com,-,-,-,-,-,-,0,0,SvNeq2p24Qa9oh,C037nh52s,-
porschehomes.in,Google Workspace,G Suite Basic,"October 25, 2018",Suspended,Trial Plan,-,3,3,SbdKvx8BxcSUKp,C04bgu6j9,412756784
powercontrolsolutions.in,Google Workspace,Google Workspace Business Starter,"March 21, 2022",Active,Flexible Plan,-,2,2,SxsbmOf1TiYZMd,C00vh5kme,3667425392
powerlinesolutions.com,Google Workspace,Google Workspace Business Starter,"March 21, 2022",Active,Flexible Plan,-,96,96,SYn2zK0OIWijUP,C01o76gy1,3666952377
powerlinesolutions.net,Google Workspace,Google Workspace Business Starter,"March 21, 2022",Active,Flexible Plan,-,23,23,Sgb1iWOduNMRWv,C01w1hybf,3667706122
prajaahita.org,Google Workspace,Google Workspace Business Starter,"December 16, 2021",Suspended,Flexible Plan,-,14,300,Su7y5n2C3QYwgw,C0289fp6z,3400320999
pranavamresort.com,Google Workspace,Google Workspace Business Starter,"December 2, 2021",Active,Flexible Plan,-,1,1,SG4ZNPQ5oM7j77,C041k7us9,3357791796
primalcodes.com,Google Workspace,G Suite Basic,"March 20, 2019",Suspended,Trial Plan,-,1,1,SYQbWZNdPOlxHM,C03u559v4,670895063
primeedgeuae.com,Google Workspace,Google Workspace Business Starter,"March 4, 2021",Active,Flexible Plan,-,1,1,SyCwWwlN3tMEbf,C02g2d212,2560488462
primeparrot.com,Google Workspace,Google Workspace Business Starter,"March 21, 2022",Active,Flexible Plan,-,1,1,SxgFIe3xGapH7A,C02qq8wfo,3667497788
proaims.com,-,-,-,-,-,-,0,0,SY2OszJ1cPzfMn,C0227bl1m,-
proaims.in,Google Workspace,G Suite Basic,"November 4, 2019",Suspended,Flexible Plan,-,2,16,S9LWnIeP2gwzag,C040hm4lp,1107817013
propertysahayavani.com,Google Workspace,Google Workspace Business Starter,"March 21, 2022",Active,Flexible Plan,-,2,2,SepModAR8zSP0a,C03031db9,3666507418
protosgroup.com,Google Workspace,Google Workspace Business Starter,"July 27, 2021",Active,Flexible Plan,-,19,300,SNql5vu3WszlEL,C02bf81wp,2992047115
proximaal.nl,Google Workspace,Google Workspace Business Starter,"September 14, 2021",Active,Flexible Plan,-,7,50000,Svikg6K4k1vGdB,C00k5ws69,3123628783
pureairepro.com,Google Workspace,Google Workspace Business Starter,"February 9, 2021",Active,Flexible Plan,-,2,2,SSFWCAtFLGde5P,C00p9rzw6,2468700269
pushpakgrande.com,-,-,-,-,-,-,0,0,SnpyMW342Pq6MY,C04l7yobz,-
pyramid-cms.com,Google Workspace,Google Workspace Business Starter,"December 11, 2020",Active,Flexible Plan,-,3,3,SHn2IbUIZqcd8l,C00xnjkna,2278528073
qspices.in,Google Workspace,Google Workspace Business Starter,"March 24, 2022",Active,Flexible Plan,-,6,6,SwJNUWDPos99e9,C01h5eb99,3677978334
quadcubes.com,Google Workspace,Google Workspace Business Starter,"September 2, 2021",Active,Flexible Plan,-,7,9,SZ65Sk90w6W8hY,C0178ykoq,3090241513
quidei.com,-,-,-,-,-,-,0,0,SA2xG4DX2nskUT,C012sq3hw,-
raatarabia.com,Google Workspace,Google Workspace Business Starter,"March 21, 2022",Active,Flexible Plan,-,6,6,SyJEjl956q27yH,C01fcwmls,3667048127
radiumengg.com,Google Workspace,Google Workspace Business Starter,"March 21, 2022",Active,Flexible Plan,-,2,2,SNOBfZcegoGuL0,C01sygp6t,3667840108
rainbowadsco.com,-,-,-,-,-,-,0,0,Sn2OOH8qukAdsI,C026zo6mu,-
ranium.in,Google Workspace,Google Workspace Business Starter,"March 21, 2022",Active,Flexible Plan,-,33,100,SoZc40woe3lgUe,C00hc6y9e,3667814975
rapidbrown.com,Google Workspace,Google Workspace Business Starter,"March 21, 2022",Active,Flexible Plan,-,1,1,SzCOiWATVAJCwm,C020vbxwx,3667755718
rapposol.com,Google Workspace,Google Workspace Business Starter,"July 16, 2021",Active,Flexible Plan,-,3,3,STmFofvXbvJgHC,C03uvui1f,2966074194
rasheedahammed.com,Google Workspace,Google Workspace Business Starter,"March 21, 2022",Active,Flexible Plan,-,1,1,SmPRA0bFWWpzR0,C03xefees,3666968066
rayomartin.com,Google Workspace,Google Workspace Business Starter,"March 21, 2022",Active,Flexible Plan,-,12,12,SNhYC2R5uWo7WH,C02ivyz8e,3666744176
rbcglobal.in,Google Workspace,Google Workspace Business Starter,"March 21, 2022",Active,Flexible Plan,-,1,1,SKX8B6xU0d0S5E,C022mwboa,3667920242
reachadagency.com,Google Workspace,Google Workspace Business Starter,"March 23, 2022",Active,Flexible Plan,-,1,1,SsGmVvaejW9fqL,C02embzyy,3674449313
redberryglobals.com,Google Workspace,Google Workspace Business Starter,"March 21, 2022",Active,Flexible Plan,-,2,3,SdeMVtpiK9wPsi,C00zstarw,3667661622
redbun.in,Google Workspace,Google Workspace Business Starter,"March 21, 2022",Active,Flexible Plan,-,1,1,SYha9IsOdC3UK6,C018zhk4b,3667273888
reddog.live,-,-,-,-,-,-,0,0,Sjj6l8Ra15ameE,-,-
redteamacademy.com,Google Workspace,Google Workspace Business Starter,"February 1, 2022",Active,Flexible Plan,-,47,47,SLg5LcOjgOMVvH,C01v2gb74,3528332056
redteamsummit.org,-,-,-,-,-,-,0,0,SrpwwInM3YqqX7,C040pxr4l,-
reimsinfotech.com,-,-,-,-,-,-,0,0,Syo22Eaow8dQkw,C04ck6mgz,-
reliableintllc.com,Google Workspace,Google Workspace Business Starter,"March 21, 2022",Active,Flexible Plan,-,24,24,SECYyF3HhAgjt5,C01tz2d7i,3667713893
remarkabletearssafari.com,Google Workspace,Google Workspace Business Starter,"July 3, 2021",Active,Flexible Plan,-,2,300,SXdXK6zu7JmvAs,C01gtizkq,2932747191
renadit.com,-,-,-,-,-,-,0,0,Sdhxmf4AGnX3IW,-,-
resetkerala.org,-,-,-,-,-,-,0,0,S6rvM2BBVxFiB1,-,-
resettalents.in,-,-,-,-,-,-,0,0,SCOBMJ5PEhiJu2,C0290gnvm,-
rgrill.com,Google Workspace,Google Workspace Business Starter,"November 17, 2021",Active,Flexible Plan,-,1,1,SxTWGlUGHgJKWc,C04eoarxn,3315424415
rgsksa.com,-,-,-,-,-,-,0,0,SBQzcUlJwRPLfH,C01q9isjb,-
risedigital.me,Google Workspace,Google Workspace Business Starter,"March 21, 2022",Active,Flexible Plan,-,2,2,SXMbTk2BFRp735,C00j0ip7r,3667457378
rkale.com,-,-,-,-,-,-,0,0,Su0rL3dWc7bF6L,C01vstwir,-
robinhood.travel,Google Workspace,Google Workspace Business Starter,"March 21, 2022",Active,Flexible Plan,-,2,2,SFSVpgHihbrKNx,C043qfkle,3667031678
rosversity.com,Google Workspace,Google Workspace Business Starter,"June 12, 2021",Active,Flexible Plan,-,1,1,SyElqeujNRBM6E,C01e8ud0n,2868961859
royaltravancorefederation.com,Google Workspace,Google Workspace Business Starter,"June 9, 2021",Active,Flexible Plan,-,1,1,S0djtGpALjdBJm,C02rna4aw,2859898038
royaltravancorefpc.com,Google Workspace,Google Workspace Business Starter,"July 27, 2021",Active,Flexible Plan,-,6,6,SDuOApGG6Jgizx,C03fikrai,2991882302
royaltravancorenidhi.com,Google Workspace,Google Workspace Business Starter,"May 20, 2021",Active,Flexible Plan,-,2,2,SSdU5zYUauJQ0H,C01l0h75r,2803014156
rue88.ae,Google Workspace,Google Workspace Business Starter,"March 21, 2022",Active,Flexible Plan,-,3,3,SmNGYfJGI577Rc,C044ooxte,3667844132
rydgesinn.com,-,-,-,-,-,-,0,0,SiBcvdgO45nyf9,C046kv358,-
saahilmehta.com,Google Workspace,Google Workspace Business Starter,"March 20, 2022",Active,Flexible Plan,-,4,4,Sp5fUL1uDWE7HN,C03jnbmsv,3666111747
sadhoo.com,Google Workspace,Google Workspace Business Starter,"March 21, 2022",Active,Flexible Plan,-,1,1,SqLizTxByJYvhq,C01jcmrd7,3667400589
sadhoomerrykingdom.com,Google Workspace,Google Workspace Business Starter,"March 25, 2022",Active,Flexible Plan,-,1,1,SrtTbhQZX9fM7S,C02lveekh,3683349973
safa.store,Google Workspace,Google Workspace Business Starter,"July 4, 2021",Active,Flexible Plan,-,3,3,SsznfmgZYk5F4B,C01kj8t05,2934172823
safetechnologies.co.in,-,-,-,-,-,-,0,0,SxuMrNSaGW9gkI,C02uylziv,-
safiyabm.com,-,-,-,-,-,-,0,0,SKsQvsP9Ru0pKM,C02vr6oy0,-
saltboxglobal.com,Google Workspace,G Suite Basic,"May 1, 2020",Suspended,Flexible Plan,-,1,5,SuIfOckZHoPlnG,C01zs28hl,1556244255
saltboxsuites.com,-,-,-,-,-,-,0,0,Sf2Zk9xRzCX3Iv,C01fkqxz5,-
sanatelenetworks.in,Google Workspace,Google Workspace Business Starter,"March 21, 2022",Active,Flexible Plan,-,19,20,SviBdvXW2n8157,C0372ly6r,3666264326
sancharymarine.com,Google Workspace,Google Workspace Business Starter,"December 18, 2021",Active,Flexible Plan,-,6,300,SKCVCPayR0ktXc,C03bkl49w,3402625564
santorian.in,Google Workspace,Google Workspace Business Starter,"January 4, 2022",Active,Flexible Plan,-,13,300,SuOzoDR1gLdDT0,C015i7as3,3440659482
saplinkcreations.com,Google Workspace,Google Workspace Business Starter,"March 21, 2022",Active,Flexible Plan,-,1,1,SNBl94iVUBktRo,C01dyxtj0,3667165468
sarojdiagnostics.com,Google Workspace,Google Workspace Business Starter,"March 21, 2022",Active,Flexible Plan,-,8,8,SqsXZGAkzMtyHV,C025k2tej,3667310878
savingsae.com,Google Workspace,Google Workspace Business Starter,"June 30, 2021",Suspended,Flexible Plan,-,6,6,SpSBGK48Voy9pI,C03aq81d8,2925495333
seagull-trades.com,Google Workspace,Google Workspace Business Starter,"March 21, 2022",Active,Flexible Plan,-,1,1,SszOdi3YNDW67X,C0365878t,3667657772
selconnect.io,Google Workspace,Google Workspace Business Starter,"April 29, 2021",Active,Flexible Plan,-,2,2,SfGFHpUhkZqQbj,C03zzj1pc,2745026976
serenityresort.in,Google Workspace,Google Workspace Business Starter,"November 19, 2021",Active,Flexible Plan,-,3,3,SxeudbXJrZD8TE,C0449og5z,3321118077
shafiinspires.co.in,-,-,-,-,-,-,0,0,SnqwtRltV3LjD5,C03yb678z,-
shalcos.com,Google Workspace,Google Workspace Business Starter,"May 8, 2021",Active,Flexible Plan,-,7,7,SrrSs3MpQGzyRW,C019ynec8,2768925752
shijiulleri.com,Google Workspace,Google Workspace Business Starter,"January 21, 2021",Active,Flexible Plan,-,1,1,S6hBg49E2KxBgm,C03fyjscw,2397669225
shopprix.in,-,-,-,-,-,-,0,0,SvXWDPU8w34IPn,C01knytsb,-
shopsapp.net,Google Workspace,Google Workspace Business Starter,"April 20, 2021",Active,Flexible Plan,-,5,6,SyhaoDikezuqBz,C039xj1ap,2718062817
signmateads.com,Google Workspace,Google Workspace Business Starter,"February 24, 2022",Active,Flexible Plan,-,5,5,S9zggQqrZ5Yy5w,C02mb25wy,3595778256
sigosoft.com,Google Workspace,Google Workspace Business Starter,"March 20, 2022",Active,Flexible Plan,-,2,2,ShHCbhhlJkBaXr,C03y3j1ib,3667041973
simsartourism.com,Google Workspace,G Suite Basic,"January 9, 2020",Suspended,Flexible Plan,-,5,5,SDKjeJNDHmBqem,C03e5z7cs,1229671968
skillmount.com,Google Workspace,Google Workspace Business Starter,"July 11, 2021",Active,Annual Plan (Monthly Payment),"August 10, 2022",2,2,SfPruJ6ABpJeWN,C039yem66,2950996313
skillmount.in,Google Workspace,Google Workspace Business Standard,"July 11, 2021",Active,Flexible Plan,-,1,1,SDYanHDU1PkZfe,C02wkp1km,2951466300
smartbuyzone.com,Google Workspace,Google Workspace Business Starter,"March 21, 2022",Active,Flexible Plan,-,7,7,SbQIgo1t5nTv1Q,C045iixep,3667364846
smartipz.com,Google Workspace,Google Workspace Business Starter,"November 23, 2021",Active,Flexible Plan,-,2,300,ScOADjU68rJIvr,C03ekmkvs,3329256741
smokehousebbqco.in,Google Workspace,Google Workspace Business Starter,"September 7, 2021",Suspended,Trial Plan,-,2,2,SRWGS3H8otoyU5,C03z5qx9k,3103091485
socprollect-mea.com,-,-,-,-,-,-,0,0,SFxZJVdiFYH5UY,C015k1omj,-
sofalandarabia.com,Google Workspace,Google Workspace Business Starter,"March 21, 2022",Active,Flexible Plan,-,6,9,SwmjNapp7gEuBH,C00lst0a0,3667421436
souqmoneytree.com,Google Workspace,Google Workspace Business Starter,"August 9, 2021",Active,Flexible Plan,-,1,1,S1pEcUFBB4RiaO,C03vcd7mp,3024311273
southcontrol.ae,Google Workspace,Google Workspace Business Starter,"March 21, 2022",Active,Flexible Plan,-,4,4,SMDsMjRI90Biso,C03vtmx7t,3667655432
southernhills.in,Google Workspace,Google Workspace Business Starter,"September 24, 2021",Active,Flexible Plan,-,2,300,SxpNKSS79zv3vi,C02ra74tq,3159044290
spacedrone.ae,Google Workspace,Google Workspace Business Starter,"March 15, 2022",Active,Flexible Plan,-,1,1,S5JyLGBl13ePAH,C00u68fxd,3651410230
spacefilms.ae,Google Workspace,Google Workspace Business Starter,"March 8, 2022",Active,Flexible Plan,-,6,6,Sg8jB09TfGDXLx,C00j4kc5g,3628898734
spacestudio.ae,Google Workspace,Google Workspace Business Starter,"March 15, 2022",Active,Flexible Plan,-,1,1,SG6DcqqcibYhrF,C04gvivjz,3651163534
sparkairways.com,Google Workspace,Google Workspace Business Starter,"November 9, 2021",Active,Flexible Plan,-,4,4,Sq3gRGyPwJuxc9,C03roaaqe,3289313537
sparkglobal.in,-,-,-,-,-,-,0,0,SEVeKFJKi8inSw,-,-
sparklehousebh.com,Google Workspace,Google Workspace Business Starter,"March 21, 2022",Active,Flexible Plan,-,1,1,Sar7l2RUHBC0cu,C01v4qpeq,3667159808
spectrade.co,-,-,-,-,-,-,0,0,SDg8NiGaxSHPkg,C02zuzp2d,-
spectramedicalsme.com,Google Workspace,G Suite Basic,"July 7, 2020",Suspended,Trial Plan,-,2,50000,SHegBoJkGePWPT,C010x7f7f,1756000990
spetramedicalsme.com,Google Workspace,G Suite Basic,"July 7, 2020",Suspended,Trial Plan,-,1,50000,SigE4e5arxnTtA,C019fmzrr,1755864546
spidertechnosoft.com,Google Workspace,Google Workspace Business Starter,"December 1, 2021",Active,Flexible Plan,-,16,300,SCnwOT5oQpJ5Hl,C03t0fs39,3354582683
spinox.co.in,Google Workspace,Google Workspace Business Starter,"March 21, 2022",Active,Flexible Plan,-,1,1,Symb1lZafkC6aG,C01t1nvbt,3667498076
srchemie.com,Google Workspace,Google Workspace Business Starter,"March 21, 2022",Active,Flexible Plan,-,15,15,S3u4GHz8ti5x0t,C02zncmzi,3667367590
ssaerc.com,Google Workspace,Google Workspace Business Starter,"March 21, 2022",Active,Flexible Plan,-,2,2,SK85IyFS5e5qzQ,C03nzfbyh,3666903792
ssc-qatar.com,Google Workspace,Google Workspace Business Starter,"March 21, 2022",Active,Flexible Plan,-,10,10,Si9EiEqrmHd1II,C024kwqdn,3667345843
ssconsult.in,Google Workspace,Google Workspace Business Starter,"January 8, 2022",Active,Flexible Plan,-,4,300,SGT5IHLGmcnhF8,C030hjrcn,3454470674
ssp1230.com,-,-,-,-,-,-,0,0,S8wPUyzWO1Vqss,-,-
starkqatar.com,-,-,-,-,-,-,0,0,SeQhWcxBPxk5JW,C02pm9895,-
starkweb.in,Google Workspace,Google Workspace Business Starter,"March 21, 2022",Active,Flexible Plan,-,1,1,S9oTTEk5JDP4s2,C027afyoq,3667407155
steyp.com,Google Workspace,Google Workspace Business Starter,"June 19, 2021",Active,Flexible Plan,-,108,300,SJFuWv452zwDLk,C0262npoe,2890289339
streamlineconsortium.com,Google Workspace,Google Workspace Business Starter,"November 28, 2021",Active,Flexible Plan,-,1,300,SpxK8bkcnga0Kc,C01qul7z8,3342081171
struqta.net,Google Workspace,Google Workspace Business Starter,"March 21, 2022",Active,Flexible Plan,-,23,25,SVxiHzCGJDBvJ0,C0375aj6f,3667904978
stsco.biz,-,-,-,-,-,-,0,0,SlYDg0DuN5S52P,C0140mwox,-
stsrecruitment.in,Google Workspace,Google Workspace Business Starter,"March 26, 2022",Active,Flexible Plan,-,3,3,SUG4wvvhTD24e6,C04al3isw,3683774998
studiofifi.com,Google Workspace,G Suite Basic,"November 15, 2016",Suspended,Flexible Plan,-,22,22,SRMvZBMqO1MKnp,C03c1dwly,78984620
sufiind.in,Google Workspace,Google Workspace Business Starter,"October 8, 2021",Active,Flexible Plan,-,7,300,SjAQ4HJm49mqh9,C01247pvs,3198534570
sunandaassociates.com,Google Workspace,Google Workspace Business Starter,"March 21, 2022",Active,Flexible Plan,-,5,5,ScEmZ9YPfima9A,C04h3gtlf,3667036800
surla.nl,Google Workspace,Google Workspace Business Starter,"July 24, 2021",Active,Flexible Plan,-,2,2,Sdf1yeFU2EMePR,C01j9rd2h,2985335363
svpauditors.com,Google Workspace,Google Workspace Business Starter,"May 9, 2021",Active,Flexible Plan,-,11,18,Sxjh7kcydFkfpy,C00wrfssn,2772520916
swadiamonds.com,Google Workspace,Google Workspace Business Starter,"March 21, 2022",Active,Flexible Plan,-,7,7,SInkzk2aFzzMTQ,C01vxa6zo,3667299645
sylcon.in,Google Workspace,Google Workspace Business Starter,"March 3, 2022",Active,Flexible Plan,-,5,6,Sa2aZhRusz2pRv,C00nbnx3l,3615676982
sypronet.com,Google Workspace,G Suite Basic,"February 28, 2020",Suspended,Flexible Plan,-,2,2,SeODPdXNj1iBzk,C03ofu11z,1337835175
talrop.com,Google Workspace,Google Workspace Business Starter,"March 31, 2022",Active,Flexible Plan,-,57,300,SjJPFCc8pFlpBP,C02umk4v5,3700131958
tattvashe.com,Google Workspace,G Suite Basic,"October 30, 2018",Suspended,Flexible Plan,-,1,1,SoZ4yseX6yM2HI,C03wbhbu4,418979694
tawseelbms.com,Google Workspace,Google Workspace Business Starter,"June 7, 2021",Active,Flexible Plan,-,1,1,S68Pik84T2Jv5X,C0439j6fc,2852815652
techfriar.com,Google Workspace,Google Workspace Business Starter,"August 25, 2021",Active,Flexible Plan,-,51,84,SzRvAM24QQ9REe,C03oi5qqw,3070191125
techgentsia.com,Google Workspace,Google Workspace Business Starter,"March 23, 2022",Active,Flexible Plan,-,95,111,S9DH0g0gjuLp3Z,C02h037k4,3677890383
techolas.com,Google Workspace,Google Workspace Business Starter,"March 23, 2022",Active,Flexible Plan,-,3,4,SNuDZam0pbtL9L,C02l6xg1y,3677832518
tecpalakkad.com,Google Workspace,Google Workspace Business Standard,"February 15, 2022",Active,Annual Plan (Yearly Payment),"March 17, 2023",1,1,SElChx16aWelCv,C01hxfx8q,3569793075
teedeetech.com,Google Workspace,Google Workspace Business Starter,"March 21, 2022",Active,Flexible Plan,-,7,7,SdiNG2Ir2PQzVh,C037e8til,3667610151
teemarindia.com,Google Workspace,Google Workspace Business Starter,"March 21, 2022",Active,Flexible Plan,-,11,11,SQIguH7I1JJlQz,C01pt5fkj,3667661770
tegain.com,Google Workspace,Google Workspace Business Starter,"June 19, 2021",Active,Flexible Plan,-,44,300,SLkvzJS6vZFjRe,C0415pekk,2889991252
tehtours.com,Google Workspace,Google Workspace Business Starter,"July 28, 2021",Suspended,Flexible Plan,-,1,1,SfJDZQqNRRIXX5,C0277soa7,2997606458
test123a.com,-,-,-,-,-,-,0,0,SABcnnZAFjESLO,-,-
testsps.com,-,-,-,-,-,-,0,0,SXf8gT4k4CRFwQ,-,-
thebillion.group,Google Workspace,Google Workspace Business Starter,"September 2, 2021",Suspended,Flexible Plan,-,1,2,SXfr9yZtGp4wuW,C020n878f,3093095774
theductusacademy.com,-,-,-,-,-,-,0,0,SaLd87ePSUjqCp,-,-
thegreenbayfire.in,Google Workspace,G Suite Basic,"February 28, 2019",Suspended,Flexible Plan,-,1,1,StpN06ZHDRnSdK,C0433bgnw,630784145
thehouseoftextiles.com,Google Workspace,Google Workspace Business Starter,"March 21, 2022",Active,Flexible Plan,-,3,3,Sc3Vhp8ChTlheJ,C00lnmnck,3667282061
theprocesshive.com,Google Workspace,G Suite Basic,"February 21, 2021",Suspended,Flexible Plan,-,1,1,S5YRYDd3mf6PY8,C00kmcmw9,2518584607
thesohohotel.ae,Google Workspace,G Suite Basic,"March 23, 2020",Suspended,Trial Plan,-,4,4,SCoGVNlaGw0d8V,C03glgghy,1405945887
thinkingbee.in,Google Workspace,Google Workspace Business Starter,"July 27, 2021",Active,Flexible Plan,-,1,1,Sax94FbArVUS0F,C016t0vrr,2994306081
thithiyogamkaranamonlinetv.com,Google Workspace,Google Workspace Enterprise Plus,"March 16, 2022",Active,Flexible Plan,-,1,1,Srf5WN8pVcYLcX,C03y90a8x,3653461342
tigabits.com,Google Workspace,Google Workspace Business Starter,"September 13, 2021",Active,Flexible Plan,-,15,16,SzomEceYhvPdG8,C048xfwu8,3122967325
townbook.in,Google Workspace,Google Workspace Business Starter,"March 21, 2022",Active,Flexible Plan,-,3,6,S3RJSj8ODNBIgh,C011ik0z5,3667428701
townbookpublication.com,Google Workspace,Google Workspace Business Starter,"October 24, 2021",Active,Flexible Plan,-,1,300,SYcsMNcnBil71r,C01pwxl03,3244594370
treecocommoditiesuk.com,Google Workspace,Google Workspace Business Starter,"March 21, 2022",Active,Flexible Plan,-,3,3,SkoggE02ObqnG4,C01vxrsdq,3667356347
trimiles.com,Google Workspace,Google Workspace Business Starter,"March 3, 2021",Active,Flexible Plan,-,2,4,SkxyJVo92CtPaR,C01vmpdzm,2555856273
trippiko.com,Google Workspace,G Suite Basic,"September 20, 2017",Suspended,Annual Plan (Monthly Payment),"October 20, 2018",2,2,SHwk3bfgQ16oOs,C03nh6pu7,172312474
uaebusrental.com,Google Workspace,Google Workspace Business Starter,"February 16, 2022",Active,Flexible Plan,-,1,300,S0iODvAbpYxkRl,C00zvva4i,3570586906
uaepallet.com,Google Workspace,Google Workspace Business Starter,"March 18, 2022",Active,Flexible Plan,-,1,1,S0EG9ZXqgXXzO7,C00hfvcn5,3662817735
ultrasoundindia.com,Google Workspace,Google Workspace Business Starter,"May 30, 2021",Active,Flexible Plan,-,21,21,SQ0rHdKu9GoB9p,C00k9g5pw,2833036882
unicorngulf.com,Google Workspace,Google Workspace Business Starter,"March 21, 2022",Active,Flexible Plan,-,9,9,SLwM6lV6yQ49g2,C00rdsi2g,3667764083
unique-st.com,-,-,-,-,-,-,0,0,SoKUo6Y7x7xNkr,-,-
uniquebro.co,Google Workspace,Google Workspace Business Starter,"February 24, 2022",Active,Flexible Plan,-,1,1,SVJY9BdIq7SGeO,C022y19zs,3598394218
uniscllc.com,Google Workspace,Google Workspace Business Starter,"October 16, 2021",Active,Flexible Plan,-,2,300,Se5mmbbXlrWm7R,C029ju5tm,3220749143
uniserved.com,Google Workspace,Google Workspace Business Starter,"March 20, 2022",Active,Flexible Plan,-,207,207,Sj8boeKmHPtNgX,C04ja6x9e,3667238150
unizoneglobal.com,Google Workspace,Google Workspace Business Starter,"March 21, 2022",Active,Flexible Plan,-,5,300,SnXfrpcCkgDgd0,C04bu6b59,3670342594
upgrodigital.com,Google Workspace,Google Workspace Business Starter,"April 15, 2021",Active,Flexible Plan,-,1,1,S1vYd8NbsDP0zc,C01icp5e6,2704111796
uvks.in,Google Workspace,G Suite Basic,"December 21, 2020",Suspended,Flexible Plan,-,1,1,SQ9H5UzCT6putT,C00gwng38,2305180127
v2angel.com,Google Workspace,Google Workspace Business Starter,"April 28, 2021",Active,Flexible Plan,-,1,1,SUctZs8i2gSbXh,C02tndhhd,2738578795
vadakaveedu.com,Google Workspace,Google Workspace Business Starter,"October 6, 2021",Suspended,Flexible Plan,-,1,300,SrJ9ntfwVafelj,C0116tcdt,3194846735
vanjoeicecreams.com,Google Workspace,Google Workspace Business Starter,"February 20, 2022",Active,Flexible Plan,-,1,300,Sq0sYbOO1HvRVl,C03eqqt4q,3584138106
varskart.com,Google Workspace,Google Workspace Business Starter,"March 21, 2022",Active,Flexible Plan,-,3,3,SDzuFklCX3EcdD,C037mc1yk,3667990925
vcsnursing.com,-,-,-,-,-,-,0,0,Sv8X8QBLUC5qzd,C01duqhja,-
velodxb.com,Google Workspace,Google Workspace Business Starter,"August 17, 2021",Active,Flexible Plan,-,1,1,SIRqkpAvjpxQ2b,C02a7sx2v,3046289583
verminator.in,Google Workspace,Google Workspace Business Starter,"August 12, 2021",Active,Flexible Plan,-,1,1,SW04MtOIlJdwxf,C01349rlk,3034770912
viceroyz.com,Google Workspace,G Suite Basic,"September 30, 2020",Suspended,Flexible Plan,-,3,3,Sv8pOqwScTON9I,C02t10wh6,2029314267
vkcelastomers.org,-,-,-,-,-,-,0,0,S9JyFtyxMBzDSl,C03dfqoil,-
vkcgroup.com,Google Workspace,Google Workspace Business Starter,"March 21, 2022",Active,Flexible Plan,-,83,83,Sc5lbYktngTplm,C03uy6vvc,3664974305
voiceforinclusion.com,Google Workspace,Google Workspace Business Standard,"April 22, 2021",Active,Flexible Plan,-,2,3,SfzccHPmyRkAJN,C018zn6zc,2724304851
vyna.co.in,-,-,-,-,-,-,0,0,S4mXYz37QM1IsS,C02qvq0sa,-
vynaresorts.com,Google Workspace,Google Workspace Business Starter,"June 27, 2021",Active,Flexible Plan,-,8,8,SSdrNONa29xSk9,C012x3vjc,2916106224
wanderlusttripping.com,Google Workspace,Google Workspace Business Starter,"March 21, 2022",Active,Flexible Plan,-,1,1,SLm8sCrCYfsyFk,C01kx2xk8,3667354262
wattlecorp.com,Google Workspace,Google Workspace Business Starter,"March 21, 2022",Active,Flexible Plan,-,7,7,SGE667BzF0g09v,C01y6otjn,3667147899
webinar.donbosco.ac.in,Google Workspace,Google Workspace Business Plus,"February 3, 2022",Active,Flexible Plan,-,1,1,SLQY2cSht7U5Tp,C03wo2v0v,3536261565
webofficeit.com,Google Workspace,Google Workspace Business Starter,"March 21, 2022",Active,Flexible Plan,-,10,12,ShLmooF9sw07Mz,C016ay1ny,3670447030
wecharters.com,Google Workspace,Google Workspace Business Starter,"March 21, 2022",Active,Flexible Plan,-,2,2,SWAicuuW3DPN7z,C04011slx,3667480688
wedviser.in,Google Workspace,Google Workspace Business Starter,"March 23, 2022",Active,Flexible Plan,-,8,14,ST6lpDonCwJDQt,C0251zhpw,3677183624
weinsoft.in,-,-,-,-,-,-,0,0,SnnyBDUMgAbBKo,C02wffq66,-
weverve.com,Google Workspace,Google Workspace Business Starter,"June 1, 2021",Active,Flexible Plan,-,18,20,Stm2AoT003IBVm,C047fazgn,2836131423
whitemassif.com,Google Workspace,Google Workspace Business Starter,"March 21, 2022",Active,Flexible Plan,-,13,13,SJXe9zF5BDub8g,C01txptlc,3667400085
wisemonkeys.ae,Google Workspace,Google Workspace Business Starter,"March 21, 2022",Active,Flexible Plan,-,10,10,SKX6ZpuVMDFSPp,C00zcfe2t,3667497945
workforceme.com,Google Workspace,Google Workspace Business Starter,"March 21, 2022",Active,Flexible Plan,-,4,4,SF0VJAZTOPajjs,C02uc2xrb,3667120693
wowels.in,Google Workspace,Google Workspace Business Starter,"March 21, 2022",Active,Flexible Plan,-,2,2,S3t5Bl1s1GOF6K,C04jr4rws,3667366819
wskfrengent.com,Google Workspace,Google Workspace Business Starter,"June 10, 2021",Active,Flexible Plan,-,2,2,SHq8pEfDmzOC58,C037jvu9e,2865401302
wymhealthcaresolutions.com,Google Workspace,Google Workspace Business Starter,"October 31, 2021",Active,Flexible Plan,-,4,4,S04ZPIWa7lvcxn,C01yh8gx7,3262445048
xadfuture.com,Google Workspace,Google Workspace Business Starter,"November 23, 2021",Active,Flexible Plan,-,5,5,SrcAda4tvkhIss,C027qe7yg,3329550190
xctllp.com,Google Workspace,Google Workspace Business Starter,"March 21, 2022",Active,Flexible Plan,-,2,2,SWRFYUFSmFk5jt,C01m3zdmv,3667004679
xeniapos.com,Google Workspace,Google Workspace Business Starter,"January 3, 2022",Active,Flexible Plan,-,17,17,S6J9uwlMtHG5c2,C039pin12,3437509976
xpense.pro,Google Workspace,Google Workspace Business Starter,"February 1, 2022",Active,Flexible Plan,-,1,1,SAIllEPDBM6pwD,C03a464wt,3529073161
yara.co.in,Google Workspace,Google Workspace Business Starter,"March 20, 2022",Active,Flexible Plan,-,5,5,S5kv4UFyhxKamf,C03bkejug,3667154116
yarddiant.com,Google Workspace,Google Workspace Business Starter,"March 21, 2022",Active,Flexible Plan,-,14,15,SGmROYRQv1hDjE,C01drjvq2,3667404629
yhagencies.in,Google Workspace,Google Workspace Business Starter,"September 3, 2021",Active,Flexible Plan,-,1,1,SGm1D3rCsZ9Qz7,C01a0wjcg,3093071568
yokoparty.com,Google Workspace,Google Workspace Business Starter,"June 10, 2021",Active,Annual Plan (Yearly Payment),"June 10, 2022",1,1,SEUG1ztDKHZnqh,C01wfuxhi,2865549087
zavodila.in,Google Workspace,Google Workspace Business Starter,"February 22, 2022",Active,Flexible Plan,-,2,3,SZkdIsQwe2B3dR,C02lig272,3591044721
zawara.in,Google Workspace,G Suite Basic,"January 24, 2019",Suspended,Annual Plan (Monthly Payment),"March 31, 2020",1,1,SsW6vEomv0Njg8,C00v2fi28,563895603
zeroori.com,Google Workspace,G Suite Basic,"October 15, 2019",Suspended,Flexible Plan,-,1,1,SXBfHcIViCVaB8,C022v3poz,1068657313
zinemind.com,Google Workspace,Google Workspace Business Starter,"October 18, 2021",Active,Flexible Plan,-,82,2500,SztozLlyq4SoQH,C00njvgap,3224938102
zlopes.com,Google Workspace,Google Workspace Business Starter,"March 18, 2021",Active,Flexible Plan,-,20,20,SdV1KLWoUzPQZH,C01x20725,2614111500
zrivatrading.com,Google Workspace,Google Workspace Business Starter,"September 25, 2021",Active,Flexible Plan,-,1,1,SAnNFOBy1ag8Yq,C02x4pl7e,3159532756
zyklus.qa,Google Workspace,Google Workspace Business Starter,"October 27, 2021",Active,Flexible Plan,-,2,2,SdDrGQS3NaQUhN,C02k89vag,3252252174
